Timestamp,Asset,Type,Units,Total Amount,IRS ID
11/29/2017 17:12:09,BTC,Buy,0.10000000,1064.57000000,Gemi 1
12/01/2017 13:17:08,BTC,Sell,-0.10000000,1038.29000000,Gemi 2
12/06/2017 17:26:27,BTC,Buy,11.00000000,139535.00000000,Gemi 3
12/06/2017 17:57:03,BTC,Sell,-1.00000000,12610.50000000,Gemi 4
12/06/2017 17:57:03,BTC,Sell,-10.00000000,126105.05000000,Gemi 5
12/07/2017 06:41:58,BTC,Buy,15.34000000,218757.68000000,Gemi 6
12/07/2017 06:43:22,BTC,Sell,-11.65942809,164602.30000000,Gemi 7
12/07/2017 06:43:22,BTC,Sell,-0.01528279,215.86000000,Gemi 8
12/07/2017 06:43:22,BTC,Sell,-0.03141322,443.89000000,Gemi 9
12/07/2017 06:43:22,BTC,Sell,-0.30000000,4239.47000000,Gemi 10
12/07/2017 06:43:22,BTC,Sell,-0.00703907,99.50000000,Gemi 11
12/07/2017 06:43:22,BTC,Sell,-0.12085478,1709.14000000,Gemi 12
12/07/2017 06:43:22,BTC,Sell,-0.09994796,1413.47000000,Gemi 13
12/07/2017 06:43:22,BTC,Sell,-0.07052181,997.50000000,Gemi 14
12/07/2017 06:43:22,BTC,Sell,-0.01000000,141.47000000,Gemi 15
12/07/2017 06:43:22,BTC,Sell,-0.03522558,498.75000000,Gemi 16
12/07/2017 06:43:22,BTC,Sell,-1.25510000,17770.69000000,Gemi 17
12/07/2017 06:43:22,BTC,Sell,-0.17554339,2489.07000000,Gemi 18
12/07/2017 06:43:22,BTC,Sell,-0.05424331,769.16000000,Gemi 19
12/07/2017 06:43:22,BTC,Sell,-0.04140000,587.04000000,Gemi 20
12/07/2017 06:43:22,BTC,Sell,-1.46400000,20766.02000000,Gemi 21
01/04/2018 19:52:37,BTC,Buy,0.37002739,5444.93000000,Gemi 22
01/04/2018 22:04:24,BTC,Buy,0.61316459,9189.83000000,Gemi 23
01/05/2018 00:30:03,BTC,Buy,0.29671250,4476.95000000,Gemi 24
01/09/2018 06:37:59,BTC,Buy,0.48200202,7207.85000000,Gemi 25
01/09/2018 06:37:59,BTC,Buy,0.28247014,4224.05000000,Gemi 26
01/09/2018 06:37:59,BTC,Buy,9.07906000,135768.10000000,Gemi 27
01/11/2018 02:53:03,BTC,Buy,1.99991375,28950.95000000,Gemi 28
01/11/2018 02:53:05,BTC,Buy,0.00008625,1.25000000,Gemi 29
01/11/2018 02:53:45,BTC,Buy,0.88854786,12837.77000000,Gemi 30
01/11/2018 02:53:57,BTC,Buy,1.11140000,16057.54000000,Gemi 31
01/11/2018 02:53:57,BTC,Buy,0.00005214,0.75000000,Gemi 32
01/11/2018 02:54:07,BTC,Buy,1.15003670,16603.08000000,Gemi 33
01/11/2018 02:54:07,BTC,Buy,0.00010000,1.44000000,Gemi 34
01/11/2018 02:54:07,BTC,Buy,0.84980000,12268.56000000,Gemi 35
01/11/2018 02:54:07,BTC,Buy,0.00006330,0.91000000,Gemi 36
01/11/2018 03:00:55,BTC,Sell,-7.00000000,95830.00000000,Gemi 37
01/11/2018 19:24:44,BTC,Sell,-0.43913000,6018.60000000,Gemi 38
01/11/2018 19:24:44,BTC,Sell,-0.73645000,10096.61000000,Gemi 39
01/11/2018 19:24:44,BTC,Sell,-0.08116000,1113.12000000,Gemi 40
01/11/2018 19:24:44,BTC,Sell,-0.24326000,3336.34000000,Gemi 41
01/11/2018 19:46:31,BTC,Buy,1.57500000,21301.88000000,Gemi 42
01/11/2018 20:13:53,BTC,Sell,-5.48000000,72817.02000000,Gemi 43
01/11/2018 20:13:53,BTC,Sell,-0.50000000,6646.65000000,Gemi 44
01/11/2018 20:32:55,BTC,Buy,6.27900000,83904.71000000,Gemi 45
01/12/2018 02:43:37,BTC,Buy,0.45069999,6099.66000000,Gemi 46
01/12/2018 02:43:57,BTC,Buy,0.09023191,1221.18000000,Gemi 47
01/12/2018 02:43:57,BTC,Buy,0.20000000,2706.75000000,Gemi 48
01/12/2018 02:44:01,BTC,Buy,0.30000000,4060.13000000,Gemi 49
01/12/2018 02:44:01,BTC,Buy,1.93260000,26155.33000000,Gemi 50
01/12/2018 02:44:06,BTC,Buy,1.63982095,22192.93000000,Gemi 51
01/12/2018 02:44:06,BTC,Buy,0.38660000,5232.15000000,Gemi 52
01/12/2018 02:44:06,BTC,Buy,0.00004715,0.64000000,Gemi 53
01/12/2018 02:45:37,BTC,Buy,0.00055783,7.52000000,Gemi 54
01/12/2018 02:45:37,BTC,Buy,0.19211000,2588.42000000,Gemi 55
01/12/2018 02:45:37,BTC,Buy,2.19338118,29552.76000000,Gemi 56
01/12/2018 02:45:37,BTC,Buy,0.00092980,12.53000000,Gemi 57
01/12/2018 02:45:37,BTC,Buy,0.51000000,6871.80000000,Gemi 58
01/12/2018 02:45:50,BTC,Buy,0.37198811,5012.76000000,Gemi 59
01/12/2018 02:46:45,BTC,Buy,0.10000000,1347.56000000,Gemi 60
01/12/2018 02:46:46,BTC,Buy,0.79318890,10688.70000000,Gemi 61
01/12/2018 02:46:48,BTC,Buy,0.14288700,1925.49000000,Gemi 62
01/12/2018 02:46:49,BTC,Buy,0.09587018,1291.91000000,Gemi 63
01/12/2018 02:46:52,BTC,Buy,0.05711300,769.63000000,Gemi 64
01/12/2018 02:46:53,BTC,Buy,0.06646146,895.61000000,Gemi 65
01/12/2018 02:46:53,BTC,Buy,0.03913622,527.38000000,Gemi 66
01/12/2018 02:46:53,BTC,Buy,0.10000000,1347.56000000,Gemi 67
01/12/2018 02:46:53,BTC,Buy,0.33637632,4532.87000000,Gemi 68
01/12/2018 02:47:13,BTC,Buy,1.88705476,25425.42000000,Gemi 69
01/12/2018 02:47:26,BTC,Buy,0.11294524,1521.78000000,Gemi 70
01/12/2018 02:47:45,BTC,Buy,0.82358883,11093.40000000,Gemi 71
01/12/2018 02:47:45,BTC,Buy,2.22468666,29965.62000000,Gemi 72
01/12/2018 02:47:45,BTC,Buy,0.00040916,5.51000000,Gemi 73
01/12/2018 02:48:05,BTC,Buy,0.00040914,5.51000000,Gemi 74
01/12/2018 02:48:05,BTC,Buy,0.00070682,9.52000000,Gemi 75
01/12/2018 02:48:05,BTC,Buy,0.00107878,14.53000000,Gemi 76
01/12/2018 02:48:05,BTC,Buy,0.27515340,3707.16000000,Gemi 77
01/12/2018 02:48:05,BTC,Buy,0.00093009,12.53000000,Gemi 78
01/12/2018 02:53:35,BTC,Buy,0.50000000,6764.77000000,Gemi 79
01/12/2018 02:53:35,BTC,Buy,2.50000000,33823.87000000,Gemi 80
01/12/2018 02:53:35,BTC,Buy,1.80179000,24377.41000000,Gemi 81
01/12/2018 02:53:35,BTC,Buy,2.14759202,29055.95000000,Gemi 82
01/12/2018 02:54:07,BTC,Buy,1.05061798,14214.59000000,Gemi 83
01/12/2018 02:54:23,BTC,Buy,0.00740221,100.00000000,Gemi 84
01/12/2018 02:54:23,BTC,Buy,0.50000000,6754.73000000,Gemi 85
01/12/2018 02:54:23,BTC,Buy,2.49259779,33673.67000000,Gemi 86
01/12/2018 02:56:52,BTC,Buy,3.00000000,40526.06000000,Gemi 87
01/12/2018 02:58:32,BTC,Buy,1.81439697,24537.17000000,Gemi 88
01/12/2018 03:00:05,BTC,Buy,0.30000000,4057.12000000,Gemi 89
01/12/2018 03:00:07,BTC,Buy,0.88560303,11976.65000000,Gemi 90
01/12/2018 03:01:47,BTC,Buy,0.42217470,5708.53000000,Gemi 91
01/12/2018 03:02:12,BTC,Buy,1.64016180,22177.81000000,Gemi 92
01/12/2018 03:02:56,BTC,Buy,0.64132441,8671.81000000,Gemi 93
01/12/2018 03:02:56,BTC,Buy,0.00010000,1.35000000,Gemi 94
01/12/2018 03:02:56,BTC,Buy,1.70376091,23037.78000000,Gemi 95
01/12/2018 03:02:56,BTC,Buy,0.29623909,4005.66000000,Gemi 96
01/12/2018 03:02:57,BTC,Buy,0.00010000,1.35000000,Gemi 97
01/12/2018 03:03:55,BTC,Buy,1.10705842,14969.33000000,Gemi 98
01/12/2018 03:10:06,BTC,Buy,2.21791690,29990.07000000,Gemi 99
01/12/2018 03:11:19,BTC,Buy,0.28124352,3802.90000000,Gemi 100
01/12/2018 03:11:19,BTC,Buy,0.18908067,2556.70000000,Gemi 101
01/12/2018 03:11:19,BTC,Buy,0.50083958,6772.22000000,Gemi 102
01/12/2018 03:11:24,BTC,Buy,1.99337569,26937.88000000,Gemi 103
01/12/2018 03:11:24,BTC,Buy,0.00010000,1.35000000,Gemi 104
01/12/2018 03:11:24,BTC,Buy,0.01840000,248.65000000,Gemi 105
01/12/2018 03:11:24,BTC,Buy,0.98812431,13353.22000000,Gemi 106
01/12/2018 03:12:00,BTC,Buy,0.82440745,11107.74000000,Gemi 107
01/12/2018 03:12:21,BTC,Buy,0.28700000,3866.92000000,Gemi 108
01/12/2018 03:12:24,BTC,Buy,0.14980000,2018.35000000,Gemi 109
01/12/2018 03:12:28,BTC,Buy,1.09181730,14710.71000000,Gemi 110
01/12/2018 03:12:33,BTC,Buy,0.20000000,2694.72000000,Gemi 111
01/12/2018 03:12:41,BTC,Buy,0.10000000,1347.36000000,Gemi 112
01/12/2018 03:12:43,BTC,Buy,0.00350000,47.16000000,Gemi 113
01/12/2018 03:12:44,BTC,Buy,0.00350000,47.16000000,Gemi 114
01/12/2018 03:12:44,BTC,Buy,0.00350000,47.16000000,Gemi 115
01/12/2018 03:12:44,BTC,Buy,0.00350000,47.16000000,Gemi 116
01/12/2018 03:12:46,BTC,Buy,0.03850000,518.73000000,Gemi 117
01/12/2018 03:12:46,BTC,Buy,0.03895840,524.91000000,Gemi 118
01/12/2018 03:12:46,BTC,Buy,2.05288292,27659.72000000,Gemi 119
01/12/2018 03:12:46,BTC,Buy,0.10000000,1347.36000000,Gemi 120
01/12/2018 03:12:51,BTC,Buy,0.24124283,3250.41000000,Gemi 121
01/12/2018 03:12:53,BTC,Buy,0.14998000,2020.77000000,Gemi 122
01/12/2018 03:12:54,BTC,Buy,0.00010000,1.35000000,Gemi 123
01/12/2018 03:12:55,BTC,Buy,0.50599191,6815.50000000,Gemi 124
01/12/2018 03:12:55,BTC,Buy,0.43303287,5834.51000000,Gemi 125
01/12/2018 03:12:57,BTC,Buy,0.14998000,2020.17000000,Gemi 126
01/12/2018 03:12:58,BTC,Buy,0.01057359,142.42000000,Gemi 127
01/12/2018 03:12:59,BTC,Buy,0.43776658,5896.54000000,Gemi 128
01/12/2018 03:13:01,BTC,Buy,0.29340000,3951.98000000,Gemi 129
01/12/2018 03:13:16,BTC,Buy,0.25180000,3391.64000000,Gemi 130
01/12/2018 03:13:16,BTC,Buy,1.02390352,13791.56000000,Gemi 131
01/12/2018 03:13:19,BTC,Buy,0.07774400,1047.18000000,Gemi 132
01/12/2018 03:13:19,BTC,Buy,0.02605290,350.92000000,Gemi 133
01/12/2018 03:13:21,BTC,Buy,0.02366428,318.75000000,Gemi 134
01/12/2018 03:13:22,BTC,Buy,0.22196526,2989.78000000,Gemi 135
01/12/2018 03:13:24,BTC,Buy,0.00764818,103.02000000,Gemi 136
01/12/2018 03:13:31,BTC,Buy,0.05835654,786.04000000,Gemi 137
01/12/2018 03:13:31,BTC,Buy,0.49323044,6643.61000000,Gemi 138
01/12/2018 03:13:36,BTC,Buy,0.09199338,1239.11000000,Gemi 139
01/12/2018 03:13:40,BTC,Buy,0.99540564,13407.71000000,Gemi 140
01/12/2018 03:13:40,BTC,Buy,0.10000000,1346.96000000,Gemi 141
01/12/2018 03:13:40,BTC,Buy,0.04000000,538.78000000,Gemi 142
01/12/2018 03:13:47,BTC,Buy,0.14183913,1910.51000000,Gemi 143
01/12/2018 03:23:25,BTC,Buy,0.00085740,11.53000000,Gemi 144
01/12/2018 03:23:25,BTC,Buy,0.72688641,9773.18000000,Gemi 145
01/12/2018 03:24:28,BTC,Sell,-58.00000000,786770.00000000,Gemi 146
01/12/2018 03:26:42,BTC,Buy,0.00100297,13.53000000,Gemi 147
01/12/2018 03:26:42,BTC,Buy,0.00122584,16.54000000,Gemi 148
01/12/2018 03:26:42,BTC,Buy,0.00070580,9.52000000,Gemi 149
01/12/2018 03:26:42,BTC,Buy,0.00211748,28.57000000,Gemi 150
01/12/2018 03:26:42,BTC,Buy,0.51000000,6880.64000000,Gemi 151
01/12/2018 03:26:42,BTC,Buy,0.00107736,14.53000000,Gemi 152
01/12/2018 03:26:42,BTC,Buy,0.00055723,7.52000000,Gemi 153
01/12/2018 03:26:42,BTC,Buy,0.00078020,10.52000000,Gemi 154
01/12/2018 03:26:42,BTC,Buy,0.70894404,9554.94000000,Gemi 155
01/12/2018 03:27:07,BTC,Buy,0.06660000,898.68000000,Gemi 156
01/12/2018 03:30:54,BTC,Buy,0.06810998,923.99000000,Gemi 157
01/12/2018 03:30:54,BTC,Buy,0.00107156,14.53000000,Gemi 158
01/12/2018 03:30:54,BTC,Buy,0.00099768,13.53000000,Gemi 159
01/12/2018 03:30:54,BTC,Buy,0.16000000,2169.74000000,Gemi 160
01/12/2018 03:30:54,BTC,Buy,0.00107182,14.53000000,Gemi 161
01/12/2018 03:30:54,BTC,Buy,0.00040650,5.51000000,Gemi 162
01/12/2018 03:30:54,BTC,Buy,0.00062827,8.52000000,Gemi 163
01/12/2018 03:30:54,BTC,Buy,0.00129352,17.54000000,Gemi 164
01/12/2018 03:30:54,BTC,Buy,0.00144147,19.55000000,Gemi 165
01/12/2018 03:30:54,BTC,Buy,0.00129358,17.54000000,Gemi 166
01/12/2018 03:30:54,BTC,Buy,0.00136742,18.54000000,Gemi 167
01/12/2018 03:30:54,BTC,Buy,0.00077605,10.52000000,Gemi 168
01/12/2018 03:30:54,BTC,Buy,0.00099780,13.53000000,Gemi 169
01/12/2018 03:30:54,BTC,Buy,0.00040655,5.51000000,Gemi 170
01/12/2018 03:30:54,BTC,Buy,0.00055475,7.52000000,Gemi 171
01/12/2018 03:30:54,BTC,Buy,0.00107299,14.53000000,Gemi 172
01/12/2018 03:30:54,BTC,Buy,0.73775533,9993.37000000,Gemi 173
01/13/2018 01:46:47,BTC,Buy,1.85887194,26443.34000000,Gemi 174
01/13/2018 01:46:49,BTC,Buy,0.14110000,2007.21000000,Gemi 175
01/13/2018 01:46:49,BTC,Buy,2.99997194,42645.95000000,Gemi 176
01/13/2018 01:46:49,BTC,Buy,0.00002806,0.40000000,Gemi 177
01/13/2018 01:46:49,BTC,Buy,0.00002806,0.40000000,Gemi 178
01/13/2018 01:46:49,BTC,Buy,2.99997194,42615.88000000,Gemi 179
01/13/2018 01:46:58,BTC,Buy,0.63043346,8949.26000000,Gemi 180
01/13/2018 01:46:58,BTC,Buy,0.00002806,0.40000000,Gemi 181
01/13/2018 01:47:00,BTC,Buy,0.00212700,30.19000000,Gemi 182
01/13/2018 01:47:01,BTC,Buy,0.01500000,212.93000000,Gemi 183
01/13/2018 01:47:02,BTC,Buy,0.04250000,603.30000000,Gemi 184
01/13/2018 01:47:04,BTC,Buy,0.03148800,446.98000000,Gemi 185
01/13/2018 01:47:10,BTC,Buy,0.74705000,10604.67000000,Gemi 186
01/13/2018 01:47:10,BTC,Buy,1.53140154,21738.86000000,Gemi 187
01/13/2018 01:51:44,BTC,Buy,2.10000000,29867.18000000,Gemi 188
01/13/2018 01:51:44,BTC,Buy,0.10000000,1422.25000000,Gemi 189
01/13/2018 01:51:51,BTC,Buy,0.28285320,4022.87000000,Gemi 190
01/13/2018 01:51:54,BTC,Buy,0.45329703,6447.00000000,Gemi 191
01/13/2018 01:58:59,BTC,Buy,0.00123154,17.54000000,Gemi 192
01/13/2018 01:58:59,BTC,Buy,0.00130196,18.55000000,Gemi 193
01/13/2018 01:58:59,BTC,Buy,0.00109084,15.54000000,Gemi 194
01/13/2018 01:58:59,BTC,Buy,0.00087971,12.53000000,Gemi 195
01/13/2018 01:58:59,BTC,Buy,0.00137232,19.55000000,Gemi 196
01/13/2018 01:58:59,BTC,Buy,0.00045743,6.52000000,Gemi 197
01/13/2018 01:58:59,BTC,Buy,0.00102030,14.53000000,Gemi 198
01/13/2018 01:58:59,BTC,Buy,0.00137219,19.55000000,Gemi 199
01/13/2018 01:58:59,BTC,Buy,0.50000000,7122.26000000,Gemi 200
01/13/2018 01:58:59,BTC,Buy,0.80000000,11377.99000000,Gemi 201
01/13/2018 01:58:59,BTC,Buy,1.81180000,25768.30000000,Gemi 202
01/13/2018 01:58:59,BTC,Buy,0.99000000,14080.26000000,Gemi 203
01/13/2018 01:58:59,BTC,Buy,0.00095147,13.53000000,Gemi 204
01/13/2018 01:58:59,BTC,Buy,0.12761893,1815.06000000,Gemi 205
01/13/2018 01:58:59,BTC,Buy,6.86180000,97591.87000000,Gemi 206
01/13/2018 01:58:59,BTC,Buy,0.49296221,7011.15000000,Gemi 207
01/13/2018 01:59:00,BTC,Buy,0.40610000,5784.70000000,Gemi 208
01/13/2018 01:59:00,BTC,Buy,0.30301117,4307.44000000,Gemi 209
01/13/2018 01:59:00,BTC,Buy,0.06384977,908.10000000,Gemi 210
01/13/2018 01:59:00,BTC,Buy,0.00004110,0.59000000,Gemi 211
01/13/2018 01:59:00,BTC,Buy,0.40949600,5821.17000000,Gemi 212
01/13/2018 01:59:05,BTC,Buy,0.50000000,7107.73000000,Gemi 213
01/13/2018 01:59:07,BTC,Buy,0.47000000,6681.26000000,Gemi 214
01/13/2018 02:01:02,BTC,Buy,0.80000000,11372.39000000,Gemi 215
01/13/2018 02:01:23,BTC,Buy,1.89177854,26894.38000000,Gemi 216
01/13/2018 02:01:27,BTC,Buy,0.69925974,9941.00000000,Gemi 217
01/13/2018 02:01:27,BTC,Buy,0.00074026,10.52000000,Gemi 218
01/13/2018 02:01:27,BTC,Buy,0.80000000,11373.17000000,Gemi 219
01/13/2018 02:01:27,BTC,Buy,0.50000000,7108.23000000,Gemi 220
01/13/2018 02:01:30,BTC,Buy,0.62571429,8895.44000000,Gemi 221
01/13/2018 02:20:59,BTC,Sell,-33.00000000,467501.93000000,Gemi 222
01/16/2018 23:05:23,BTC,Buy,3.17447549,35140.19000000,Gemi 223
01/16/2018 23:05:37,BTC,Buy,5.00000000,55343.06000000,Gemi 224
01/16/2018 23:05:37,BTC,Buy,1.82552451,20207.84000000,Gemi 225
01/16/2018 23:06:12,BTC,Buy,1.11336944,12277.68000000,Gemi 226
01/16/2018 23:06:14,BTC,Buy,2.88663056,31832.32000000,Gemi 227
01/16/2018 23:06:31,BTC,Buy,2.21011640,24150.49000000,Gemi 228
01/16/2018 23:06:51,BTC,Buy,2.78988360,30485.76000000,Gemi 229
01/16/2018 23:19:35,BTC,Buy,4.00000000,43821.28000000,Gemi 230
01/16/2018 23:29:34,BTC,Buy,5.00000000,57730.87000000,Gemi 231
01/16/2018 23:29:54,BTC,Buy,0.16352885,1887.68000000,Gemi 232
01/16/2018 23:29:54,BTC,Buy,0.51000000,5887.79000000,Gemi 233
01/16/2018 23:30:00,BTC,Buy,3.12647115,36094.11000000,Gemi 234
01/16/2018 23:30:25,BTC,Buy,0.09589346,1103.61000000,Gemi 235
01/17/2018 01:53:33,BTC,Sell,-42.00000000,479257.80000000,Gemi 236
01/18/2018 02:36:08,BTC,Buy,0.08608745,1003.70000000,Gemi 237
01/18/2018 02:36:08,BTC,Buy,0.50000000,5824.09000000,Gemi 238
01/18/2018 02:36:15,BTC,Buy,0.67693920,7892.48000000,Gemi 239
01/18/2018 02:37:38,BTC,Buy,0.08607864,1006.19000000,Gemi 240
01/18/2018 02:38:22,BTC,Buy,0.39900000,4663.97000000,Gemi 241
01/18/2018 02:38:29,BTC,Buy,0.08540000,998.25000000,Gemi 242
01/18/2018 02:38:31,BTC,Buy,0.10350000,1209.83000000,Gemi 243
01/18/2018 02:38:42,BTC,Buy,0.00857554,100.24000000,Gemi 244
01/18/2018 02:38:42,BTC,Buy,1.31744582,15399.82000000,Gemi 245
01/18/2018 02:38:46,BTC,Buy,0.08190242,957.29000000,Gemi 246
01/18/2018 02:38:46,BTC,Buy,1.41809758,16575.06000000,Gemi 247
01/18/2018 02:38:46,BTC,Buy,0.50000000,5844.12000000,Gemi 248
01/18/2018 02:39:11,BTC,Buy,1.84281073,21529.77000000,Gemi 249
01/18/2018 02:39:11,BTC,Buy,0.45718927,5339.66000000,Gemi 250
01/18/2018 02:39:16,BTC,Buy,0.73697335,8592.43000000,Gemi 251
01/18/2018 02:41:26,BTC,Buy,0.78363196,9112.86000000,Gemi 252
01/18/2018 02:41:26,BTC,Buy,0.21636804,2516.15000000,Gemi 253
01/18/2018 02:56:06,BTC,Sell,-9.60000000,111941.71000000,Gemi 254
01/19/2018 02:06:40,BTC,Buy,0.45701994,5270.31000000,Gemi 255
01/19/2018 02:11:23,BTC,Buy,0.82846920,9568.51000000,Gemi 256
01/19/2018 02:11:23,BTC,Buy,0.46389215,5357.78000000,Gemi 257
01/19/2018 02:11:23,BTC,Buy,0.22956058,2651.34000000,Gemi 258
01/19/2018 02:16:37,BTC,Buy,0.47000000,5428.41000000,Gemi 259
01/19/2018 02:16:41,BTC,Buy,0.00807807,93.30000000,Gemi 260
01/19/2018 02:19:16,BTC,Buy,1.97998690,22833.03000000,Gemi 261
01/19/2018 02:19:34,BTC,Buy,1.00000000,11531.91000000,Gemi 262
01/19/2018 02:19:39,BTC,Buy,1.00000000,11531.91000000,Gemi 263
01/19/2018 02:20:20,BTC,Buy,0.56299316,6492.39000000,Gemi 264
01/19/2018 02:20:21,BTC,Buy,0.32344823,3728.96000000,Gemi 265
01/19/2018 02:20:58,BTC,Buy,2.00000000,23057.52000000,Gemi 266
01/19/2018 02:21:12,BTC,Buy,0.54405503,6272.28000000,Gemi 267
01/19/2018 02:21:22,BTC,Buy,0.13000000,1498.74000000,Gemi 268
01/19/2018 02:21:29,BTC,Buy,0.00249674,28.78000000,Gemi 269
01/19/2018 02:27:03,BTC,Buy,2.69425616,30791.31000000,Gemi 270
01/19/2018 02:27:09,BTC,Buy,1.30570000,14922.19000000,Gemi 271
01/19/2018 02:27:12,BTC,Buy,0.00004384,0.50000000,Gemi 272
01/19/2018 02:27:27,BTC,Buy,0.09336693,1065.24000000,Gemi 273
01/19/2018 02:27:27,BTC,Buy,1.56510000,17855.84000000,Gemi 274
01/19/2018 02:27:27,BTC,Buy,1.14660695,13067.52000000,Gemi 275
01/19/2018 02:27:27,BTC,Buy,1.01983000,11622.69000000,Gemi 276
01/19/2018 02:27:27,BTC,Buy,0.17509612,1995.52000000,Gemi 277
01/19/2018 02:27:49,BTC,Buy,0.50000000,5689.20000000,Gemi 278
01/19/2018 02:27:49,BTC,Buy,1.07269003,12205.49000000,Gemi 279
01/19/2018 02:27:50,BTC,Buy,0.01854666,211.03000000,Gemi 280
01/19/2018 02:27:53,BTC,Buy,0.40876331,4651.07000000,Gemi 281
01/19/2018 02:29:38,BTC,Buy,3.99994714,45512.90000000,Gemi 282
01/19/2018 02:29:41,BTC,Buy,0.00005286,0.60000000,Gemi 283
01/19/2018 02:31:59,BTC,Buy,2.00000000,22678.96000000,Gemi 284
01/19/2018 02:32:00,BTC,Buy,1.21087744,13717.12000000,Gemi 285
01/19/2018 02:32:05,BTC,Buy,0.37240000,4218.64000000,Gemi 286
01/19/2018 02:32:05,BTC,Buy,2.00000000,22656.50000000,Gemi 287
01/19/2018 02:32:06,BTC,Buy,0.41670000,4720.48000000,Gemi 288
01/19/2018 02:32:06,BTC,Buy,0.00002256,0.26000000,Gemi 289
01/19/2018 05:11:22,BTC,Buy,4.00000000,45914.50000000,Gemi 290
01/19/2018 05:13:16,BTC,Buy,4.00000000,45918.55000000,Gemi 291
01/19/2018 05:15:09,BTC,Buy,1.66361206,19062.62000000,Gemi 292
01/19/2018 05:22:07,BTC,Buy,0.05378794,620.03000000,Gemi 293
01/19/2018 05:22:07,BTC,Buy,1.00000000,11527.20000000,Gemi 294
01/19/2018 05:22:07,BTC,Buy,2.28260000,26311.79000000,Gemi 295
01/19/2018 05:26:35,BTC,Buy,3.93451298,45360.02000000,Gemi 296
01/19/2018 05:26:35,BTC,Buy,1.00000000,11526.25000000,Gemi 297
01/19/2018 05:26:35,BTC,Buy,1.00000000,11524.45000000,Gemi 298
01/19/2018 05:26:35,BTC,Buy,0.06548702,754.41000000,Gemi 299
01/19/2018 05:30:14,BTC,Buy,0.05984760,682.17000000,Gemi 300
01/19/2018 05:30:17,BTC,Buy,0.01910000,217.71000000,Gemi 301
01/19/2018 05:30:19,BTC,Buy,0.00180000,20.52000000,Gemi 302
01/19/2018 05:30:24,BTC,Buy,1.00000000,11398.43000000,Gemi 303
01/19/2018 05:30:25,BTC,Buy,1.00000000,11398.43000000,Gemi 304
01/19/2018 05:30:25,BTC,Buy,0.47730000,5440.47000000,Gemi 305
01/19/2018 05:30:28,BTC,Buy,1.00000000,11398.43000000,Gemi 306
01/19/2018 05:30:30,BTC,Buy,1.00000000,11398.43000000,Gemi 307
01/19/2018 05:30:30,BTC,Buy,0.29500000,3362.54000000,Gemi 308
01/19/2018 05:30:41,BTC,Buy,0.14695240,1675.03000000,Gemi 309
01/19/2018 05:31:04,BTC,Buy,4.93444387,56393.29000000,Gemi 310
01/19/2018 05:31:04,BTC,Buy,0.02682070,306.41000000,Gemi 311
01/19/2018 05:31:04,BTC,Buy,0.03873543,442.53000000,Gemi 312
01/19/2018 05:32:22,BTC,Buy,3.32948401,38051.01000000,Gemi 313
01/19/2018 05:32:22,BTC,Buy,0.01881635,215.04000000,Gemi 314
01/19/2018 05:32:22,BTC,Buy,3.00000000,34285.50000000,Gemi 315
01/19/2018 05:32:22,BTC,Buy,2.40886727,27529.74000000,Gemi 316
01/19/2018 05:32:22,BTC,Buy,0.50000000,5712.28000000,Gemi 317
01/19/2018 05:32:22,BTC,Buy,0.99996237,11424.12000000,Gemi 318
01/19/2018 05:32:22,BTC,Buy,9.24287000,105492.22000000,Gemi 319
01/19/2018 05:32:22,BTC,Buy,0.50000000,5706.68000000,Gemi 320
01/19/2018 05:36:04,BTC,Buy,4.00000000,45735.89000000,Gemi 321
01/19/2018 05:39:29,BTC,Buy,1.50000000,17084.93000000,Gemi 322
01/19/2018 05:39:29,BTC,Buy,0.50000000,5694.98000000,Gemi 323
01/19/2018 05:47:02,BTC,Buy,0.04264900,484.25000000,Gemi 324
01/19/2018 05:47:02,BTC,Buy,0.50000000,5674.66000000,Gemi 325
01/19/2018 05:47:02,BTC,Buy,1.45730000,16574.40000000,Gemi 326
01/19/2018 05:47:02,BTC,Buy,0.00005100,0.58000000,Gemi 327
01/19/2018 05:50:28,BTC,Sell,-87.00000000,992606.06000000,Gemi 328
01/20/2018 01:33:58,BTC,Buy,1.00000000,11762.73000000,Gemi 329
01/20/2018 01:34:36,BTC,Buy,0.00750738,88.31000000,Gemi 330
01/20/2018 01:35:11,BTC,Buy,1.00000000,11762.73000000,Gemi 331
01/20/2018 01:35:57,BTC,Buy,0.03564656,419.30000000,Gemi 332
01/20/2018 01:36:13,BTC,Buy,0.50000000,5881.37000000,Gemi 333
01/20/2018 01:36:15,BTC,Buy,2.09541472,24646.96000000,Gemi 334
01/20/2018 01:36:15,BTC,Buy,0.45684606,5373.76000000,Gemi 335
01/20/2018 01:36:17,BTC,Buy,0.50000000,5881.17000000,Gemi 336
01/20/2018 01:36:28,BTC,Buy,0.40458528,4758.87000000,Gemi 337
01/20/2018 01:37:00,BTC,Buy,0.43888048,5154.79000000,Gemi 338
01/20/2018 01:37:00,BTC,Buy,2.50000000,29310.59000000,Gemi 339
01/20/2018 01:37:00,BTC,Buy,0.50000000,5858.29000000,Gemi 340
01/20/2018 01:37:00,BTC,Buy,0.56111952,6574.40000000,Gemi 341
01/20/2018 01:43:44,BTC,Buy,0.26016282,3046.04000000,Gemi 342
01/20/2018 01:46:05,BTC,Buy,0.02990000,350.08000000,Gemi 343
01/20/2018 01:46:18,BTC,Buy,0.50000000,5854.11000000,Gemi 344
01/20/2018 01:46:18,BTC,Buy,0.40551181,4747.82000000,Gemi 345
01/20/2018 01:46:18,BTC,Buy,2.09448819,24522.74000000,Gemi 346
01/20/2018 01:48:56,BTC,Buy,2.39255195,28050.85000000,Gemi 347
01/20/2018 01:52:34,BTC,Buy,0.60740000,7121.30000000,Gemi 348
01/20/2018 01:52:34,BTC,Buy,0.00004805,0.56000000,Gemi 349
01/20/2018 01:52:44,BTC,Buy,2.70990000,31728.10000000,Gemi 350
01/20/2018 01:52:44,BTC,Buy,0.00003718,0.44000000,Gemi 351
01/20/2018 01:53:31,BTC,Buy,1.00000000,11680.13000000,Gemi 352
01/20/2018 02:11:15,BTC,Buy,1.00000000,11784.39000000,Gemi 353
01/20/2018 02:11:35,BTC,Buy,2.00000000,23568.78000000,Gemi 354
01/20/2018 02:12:52,BTC,Buy,3.00000000,35187.75000000,Gemi 355
01/20/2018 02:12:59,BTC,Buy,3.00000000,35157.68000000,Gemi 356
01/20/2018 02:13:26,BTC,Buy,0.26240093,3073.34000000,Gemi 357
01/20/2018 02:13:26,BTC,Buy,0.73759907,8639.05000000,Gemi 358
01/20/2018 02:17:22,BTC,Buy,0.45917950,5385.37000000,Gemi 359
01/20/2018 02:17:22,BTC,Buy,0.00549542,64.44000000,Gemi 360
01/20/2018 02:17:22,BTC,Buy,0.00538498,63.14000000,Gemi 361
01/20/2018 02:17:22,BTC,Buy,0.00594010,69.65000000,Gemi 362
01/20/2018 02:17:22,BTC,Buy,2.50000000,29290.54000000,Gemi 363
01/20/2018 02:17:22,BTC,Buy,0.02400000,281.15000000,Gemi 364
01/20/2018 02:18:19,BTC,Buy,1.28254470,15017.57000000,Gemi 365
01/20/2018 02:18:28,BTC,Buy,0.06045622,707.89000000,Gemi 366
01/20/2018 02:18:36,BTC,Buy,0.06804472,796.75000000,Gemi 367
01/20/2018 02:18:38,BTC,Buy,0.29983341,3510.81000000,Gemi 368
01/20/2018 02:18:39,BTC,Buy,0.14723842,1724.04000000,Gemi 369
01/20/2018 02:18:39,BTC,Buy,0.08643734,1012.11000000,Gemi 370
01/20/2018 02:18:39,BTC,Buy,0.15945253,1867.06000000,Gemi 371
01/20/2018 02:18:41,BTC,Buy,0.02192422,256.72000000,Gemi 372
01/20/2018 02:18:42,BTC,Buy,0.18647310,2183.45000000,Gemi 373
01/20/2018 02:18:43,BTC,Buy,0.08077440,945.80000000,Gemi 374
01/20/2018 02:18:46,BTC,Buy,0.22111655,2589.10000000,Gemi 375
01/20/2018 02:18:54,BTC,Buy,0.15515809,1816.78000000,Gemi 376
01/20/2018 02:18:56,BTC,Buy,0.00059032,6.91000000,Gemi 377
01/20/2018 02:18:56,BTC,Buy,0.23054630,2699.51000000,Gemi 378
01/20/2018 02:19:01,BTC,Buy,2.50000000,29247.96000000,Gemi 379
01/20/2018 02:19:01,BTC,Buy,0.50000000,5849.59000000,Gemi 380
01/20/2018 02:19:06,BTC,Buy,0.23425384,2742.93000000,Gemi 381
01/20/2018 02:20:00,BTC,Buy,0.05643125,660.76000000,Gemi 382
01/20/2018 02:20:03,BTC,Buy,0.70930000,8305.34000000,Gemi 383
01/20/2018 02:20:04,BTC,Buy,0.00001491,0.17000000,Gemi 384
01/20/2018 02:20:06,BTC,Buy,0.07500000,877.44000000,Gemi 385
01/20/2018 02:20:06,BTC,Buy,0.22400000,2620.62000000,Gemi 386
01/20/2018 02:20:07,BTC,Buy,0.39690000,4643.40000000,Gemi 387
01/20/2018 02:20:07,BTC,Buy,0.01000000,116.99000000,Gemi 388
01/20/2018 02:20:07,BTC,Buy,0.01000000,116.99000000,Gemi 389
01/20/2018 02:20:08,BTC,Buy,0.01000000,116.99000000,Gemi 390
01/20/2018 02:20:08,BTC,Buy,0.01000000,116.99000000,Gemi 391
01/20/2018 02:20:08,BTC,Buy,0.09077286,1061.97000000,Gemi 392
01/20/2018 02:20:08,BTC,Buy,2.00000000,23398.35000000,Gemi 393
01/20/2018 02:20:08,BTC,Buy,0.01000000,116.99000000,Gemi 394
01/20/2018 02:20:14,BTC,Buy,0.16270000,1903.46000000,Gemi 395
01/20/2018 02:20:18,BTC,Buy,0.82166318,9604.54000000,Gemi 396
01/20/2018 02:20:18,BTC,Buy,0.00003682,0.43000000,Gemi 397
01/20/2018 02:20:20,BTC,Buy,0.01000000,116.89000000,Gemi 398
01/20/2018 02:20:20,BTC,Buy,0.02000000,233.78000000,Gemi 399
01/20/2018 02:20:25,BTC,Buy,0.00147785,17.27000000,Gemi 400
01/20/2018 02:20:34,BTC,Buy,0.00147086,17.19000000,Gemi 401
01/20/2018 02:20:47,BTC,Buy,0.08723702,1019.73000000,Gemi 402
01/20/2018 02:20:47,BTC,Buy,0.50862437,5945.39000000,Gemi 403
01/20/2018 02:20:50,BTC,Buy,0.53000000,6195.25000000,Gemi 404
01/20/2018 02:21:01,BTC,Buy,0.09001944,1052.25000000,Gemi 405
01/20/2018 02:21:05,BTC,Buy,0.25000000,2922.29000000,Gemi 406
01/20/2018 02:21:08,BTC,Buy,1.82049272,21280.01000000,Gemi 407
01/20/2018 02:21:08,BTC,Buy,0.67950728,7942.86000000,Gemi 408
01/20/2018 02:21:09,BTC,Buy,0.07500000,876.69000000,Gemi 409
01/20/2018 02:21:10,BTC,Buy,0.57324422,6700.74000000,Gemi 410
01/20/2018 02:21:10,BTC,Buy,0.79739259,9320.84000000,Gemi 411
01/20/2018 02:21:17,BTC,Buy,0.17000000,1987.16000000,Gemi 412
01/20/2018 02:21:25,BTC,Buy,0.18000000,2104.05000000,Gemi 413
01/20/2018 02:21:31,BTC,Buy,0.00779100,91.07000000,Gemi 414
01/20/2018 02:21:50,BTC,Buy,0.12046558,1408.14000000,Gemi 415
01/20/2018 02:22:13,BTC,Buy,0.19928794,2329.51000000,Gemi 416
01/20/2018 02:22:47,BTC,Buy,0.05000000,584.46000000,Gemi 417
01/20/2018 02:22:56,BTC,Buy,0.00632595,73.94000000,Gemi 418
01/20/2018 02:26:35,BTC,Buy,2.50000000,29273.00000000,Gemi 419
01/20/2018 02:26:35,BTC,Buy,0.48767431,5709.09000000,Gemi 420
01/20/2018 02:27:09,BTC,Buy,0.00458700,53.73000000,Gemi 421
01/20/2018 02:27:10,BTC,Buy,0.00458700,53.73000000,Gemi 422
01/20/2018 02:27:20,BTC,Buy,0.00315169,36.92000000,Gemi 423
01/20/2018 02:27:53,BTC,Buy,0.98614308,11513.59000000,Gemi 424
01/20/2018 02:27:53,BTC,Buy,1.07790000,12584.89000000,Gemi 425
01/20/2018 02:27:53,BTC,Buy,0.50000000,5837.69000000,Gemi 426
01/20/2018 02:27:53,BTC,Buy,0.43595692,5089.96000000,Gemi 427
01/20/2018 02:46:09,BTC,Sell,-56.00000000,654997.00000000,Gemi 428
01/23/2018 01:42:58,BTC,Buy,0.00000836,0.09000000,Gemi 429
01/23/2018 01:43:47,BTC,Buy,0.99999164,10818.89000000,Gemi 430
01/23/2018 01:46:09,BTC,Buy,0.70201483,7600.71000000,Gemi 431
01/23/2018 01:46:11,BTC,Buy,1.29798517,14053.29000000,Gemi 432
01/23/2018 01:46:59,BTC,Buy,0.00097223,10.52000000,Gemi 433
01/23/2018 01:47:16,BTC,Buy,0.99546370,10777.89000000,Gemi 434
01/23/2018 01:47:20,BTC,Buy,1.00356400,10865.59000000,Gemi 435
01/23/2018 01:47:20,BTC,Buy,0.00000007,0.00000000,Gemi 436
01/23/2018 02:11:36,BTC,Buy,1.00000000,10756.83000000,Gemi 437
01/23/2018 02:20:11,BTC,Buy,0.00172412,18.54000000,Gemi 438
01/23/2018 02:20:11,BTC,Buy,0.00125815,13.53000000,Gemi 439
01/23/2018 02:20:11,BTC,Buy,0.00153777,16.54000000,Gemi 440
01/23/2018 02:20:11,BTC,Buy,0.00265623,28.57000000,Gemi 441
01/23/2018 02:20:11,BTC,Buy,0.00172412,18.54000000,Gemi 442
01/23/2018 02:20:11,BTC,Buy,0.00181751,19.55000000,Gemi 443
01/23/2018 02:20:11,BTC,Buy,0.00116493,12.53000000,Gemi 444
01/23/2018 02:20:11,BTC,Buy,0.00051241,5.51000000,Gemi 445
01/23/2018 02:20:11,BTC,Buy,1.68000000,18068.11000000,Gemi 446
01/23/2018 02:20:30,BTC,Buy,0.30760000,3308.80000000,Gemi 447
01/23/2018 02:20:31,BTC,Buy,0.99999524,10754.77000000,Gemi 448
01/23/2018 02:20:31,BTC,Buy,0.00000476,0.05000000,Gemi 449
01/23/2018 02:20:31,BTC,Buy,0.00000476,0.05000000,Gemi 450
01/23/2018 02:21:00,BTC,Buy,0.19628948,2107.52000000,Gemi 451
01/23/2018 02:21:00,BTC,Buy,0.80371052,8629.27000000,Gemi 452
01/23/2018 03:15:18,BTC,Buy,0.01687553,183.42000000,Gemi 453
01/23/2018 03:15:21,BTC,Buy,0.10000000,1086.91000000,Gemi 454
01/23/2018 03:15:24,BTC,Buy,1.88312447,20467.88000000,Gemi 455
01/23/2018 03:16:28,BTC,Buy,0.93195310,10127.63000000,Gemi 456
01/23/2018 03:17:50,BTC,Buy,0.10040820,1091.15000000,Gemi 457
01/23/2018 03:17:50,BTC,Buy,0.89825436,9761.46000000,Gemi 458
01/23/2018 03:17:50,BTC,Buy,0.00133744,14.53000000,Gemi 459
01/23/2018 03:17:56,BTC,Buy,1.06804690,11606.57000000,Gemi 460
01/23/2018 03:37:18,BTC,Buy,5.00000000,54635.35000000,Gemi 461
01/23/2018 03:46:27,BTC,Buy,1.80297122,19719.59000000,Gemi 462
01/23/2018 03:46:27,BTC,Buy,0.00142047,15.54000000,Gemi 463
01/23/2018 03:46:27,BTC,Buy,0.00059578,6.52000000,Gemi 464
01/23/2018 03:46:27,BTC,Buy,0.00142051,15.54000000,Gemi 465
01/23/2018 03:46:27,BTC,Buy,0.26527518,2901.25000000,Gemi 466
01/23/2018 03:46:27,BTC,Buy,2.49774448,27317.24000000,Gemi 467
01/23/2018 03:46:27,BTC,Buy,0.43057236,4709.07000000,Gemi 468
01/23/2018 04:02:40,BTC,Buy,4.68759400,51062.78000000,Gemi 469
01/23/2018 04:02:40,BTC,Buy,0.31240600,3403.09000000,Gemi 470
01/23/2018 04:07:10,BTC,Buy,4.72869402,51671.67000000,Gemi 471
01/23/2018 04:07:10,BTC,Buy,0.27130598,2964.63000000,Gemi 472
01/23/2018 04:13:05,BTC,Buy,2.50000000,27192.84000000,Gemi 473
01/23/2018 04:13:05,BTC,Buy,0.50000000,5438.57000000,Gemi 474
01/23/2018 04:13:35,BTC,Buy,0.69801867,7592.44000000,Gemi 475
01/23/2018 04:13:35,BTC,Buy,2.30198133,25038.96000000,Gemi 476
01/23/2018 04:14:24,BTC,Buy,0.00115227,12.53000000,Gemi 477
01/23/2018 04:14:26,BTC,Buy,1.50000000,16315.69000000,Gemi 478
01/23/2018 04:14:39,BTC,Buy,0.49884773,5426.03000000,Gemi 479
01/23/2018 04:15:03,BTC,Buy,1.31153706,14243.41000000,Gemi 480
01/23/2018 04:15:03,BTC,Buy,0.60694000,6591.42000000,Gemi 481
01/23/2018 04:15:03,BTC,Buy,0.00152294,16.54000000,Gemi 482
01/23/2018 04:15:03,BTC,Buy,0.08000000,868.81000000,Gemi 483
01/23/2018 04:21:16,BTC,Buy,0.36200414,3901.27000000,Gemi 484
01/23/2018 04:29:43,BTC,Buy,2.00000000,21617.37000000,Gemi 485
01/23/2018 04:37:20,BTC,Buy,1.50000000,16224.49000000,Gemi 486
01/23/2018 04:37:20,BTC,Buy,0.50000000,5408.16000000,Gemi 487
01/23/2018 04:38:33,BTC,Buy,0.36200414,3912.16000000,Gemi 488
01/23/2018 04:49:26,BTC,Buy,0.27599172,2992.59000000,Gemi 489
01/23/2018 04:52:06,BTC,Buy,2.41180812,26151.36000000,Gemi 490
01/23/2018 04:52:06,BTC,Buy,0.50000000,5421.53000000,Gemi 491
01/23/2018 04:52:06,BTC,Buy,2.50000000,27107.63000000,Gemi 492
01/23/2018 04:52:06,BTC,Buy,4.58819188,49749.99000000,Gemi 493
01/23/2018 04:52:38,BTC,Buy,1.49948995,16208.67000000,Gemi 494
01/23/2018 04:52:38,BTC,Buy,0.00051005,5.51000000,Gemi 495
01/23/2018 04:52:38,BTC,Buy,0.50000000,5403.48000000,Gemi 496
01/23/2018 04:58:31,BTC,Buy,7.49525568,80024.03000000,Gemi 497
01/23/2018 04:58:31,BTC,Buy,0.00107974,11.53000000,Gemi 498
01/23/2018 04:58:31,BTC,Buy,0.00164306,17.54000000,Gemi 499
01/23/2018 04:58:31,BTC,Buy,0.00136289,14.54000000,Gemi 500
01/23/2018 04:58:31,BTC,Buy,0.00023584,2.52000000,Gemi 501
01/23/2018 04:58:31,BTC,Buy,0.50000000,5332.49000000,Gemi 502
01/23/2018 04:58:31,BTC,Buy,0.00042279,4.51000000,Gemi 503
01/23/2018 05:00:16,BTC,Buy,2.85257435,30312.88000000,Gemi 504
01/23/2018 05:00:16,BTC,Buy,0.00080184,8.52000000,Gemi 505
01/23/2018 05:00:16,BTC,Buy,0.00061304,6.51000000,Gemi 506
01/23/2018 05:00:16,BTC,Buy,0.00099047,10.53000000,Gemi 507
01/23/2018 05:00:16,BTC,Buy,0.00117922,12.53000000,Gemi 508
01/23/2018 05:00:16,BTC,Buy,0.00183957,19.55000000,Gemi 509
01/23/2018 05:00:16,BTC,Buy,0.00042426,4.51000000,Gemi 510
01/23/2018 05:00:16,BTC,Buy,0.00070753,7.52000000,Gemi 511
01/23/2018 05:00:16,BTC,Buy,0.00165087,17.54000000,Gemi 512
01/23/2018 05:00:16,BTC,Buy,0.00165085,17.54000000,Gemi 513
01/23/2018 05:00:16,BTC,Buy,0.00146219,15.54000000,Gemi 514
01/23/2018 05:00:16,BTC,Buy,0.00108477,11.53000000,Gemi 515
01/23/2018 05:00:16,BTC,Buy,0.00117916,12.53000000,Gemi 516
01/23/2018 05:00:16,BTC,Buy,0.00146214,15.54000000,Gemi 517
01/23/2018 05:00:16,BTC,Buy,0.00080187,8.52000000,Gemi 518
01/23/2018 05:00:16,BTC,Buy,0.00042461,4.51000000,Gemi 519
01/23/2018 05:00:16,BTC,Buy,7.13115326,75707.71000000,Gemi 520
01/23/2018 05:00:45,BTC,Buy,3.22014459,34218.87000000,Gemi 521
01/23/2018 05:00:45,BTC,Buy,0.50000000,5313.25000000,Gemi 522
01/23/2018 05:00:45,BTC,Buy,0.00183954,19.55000000,Gemi 523
01/23/2018 05:00:45,BTC,Buy,6.27801587,66713.34000000,Gemi 524
01/23/2018 05:01:15,BTC,Buy,2.00000000,21172.80000000,Gemi 525
01/23/2018 05:10:43,BTC,Sell,-42.00000000,439046.16000000,Gemi 526
01/23/2018 05:27:03,BTC,Buy,4.49538029,46823.77000000,Gemi 527
01/23/2018 05:27:03,BTC,Buy,0.50000000,5207.39000000,Gemi 528
01/23/2018 05:27:03,BTC,Buy,0.00178064,18.54000000,Gemi 529
01/23/2018 05:27:03,BTC,Buy,0.00081794,8.52000000,Gemi 530
01/23/2018 05:27:03,BTC,Buy,0.00110671,11.53000000,Gemi 531
01/23/2018 05:27:03,BTC,Buy,0.00091442,9.52000000,Gemi 532
01/23/2018 05:33:08,BTC,Buy,1.09700000,11404.33000000,Gemi 533
01/23/2018 05:33:10,BTC,Buy,1.90300000,19783.45000000,Gemi 534
01/23/2018 05:39:42,BTC,Buy,3.00000000,31247.93000000,Gemi 535
01/23/2018 05:39:59,BTC,Buy,4.99653885,52093.91000000,Gemi 536
01/23/2018 05:39:59,BTC,Buy,0.00091324,9.52000000,Gemi 537
01/23/2018 05:39:59,BTC,Buy,0.00254791,26.56000000,Gemi 538
01/23/2018 05:39:59,BTC,Buy,0.50000000,5207.03000000,Gemi 539
01/23/2018 05:39:59,BTC,Buy,2.50000000,26029.06000000,Gemi 540
01/23/2018 05:45:54,BTC,Buy,0.68391468,7096.21000000,Gemi 541
01/23/2018 05:45:58,BTC,Buy,0.00010000,1.04000000,Gemi 542
01/23/2018 05:45:58,BTC,Buy,2.00000000,20751.75000000,Gemi 543
01/23/2018 05:46:02,BTC,Buy,0.31590000,3277.74000000,Gemi 544
01/23/2018 05:46:02,BTC,Buy,0.00008532,0.89000000,Gemi 545
01/23/2018 05:47:32,BTC,Sell,-15.00000000,156802.20000000,Gemi 546
01/23/2018 05:58:26,BTC,Buy,2.00000000,20872.05000000,Gemi 547
01/23/2018 06:01:05,BTC,Buy,2.13348612,22243.75000000,Gemi 548
01/23/2018 06:01:05,BTC,Buy,0.50000000,5213.01000000,Gemi 549
01/23/2018 06:01:05,BTC,Buy,2.30374000,24018.82000000,Gemi 550
01/23/2018 06:01:05,BTC,Buy,0.06277388,654.48000000,Gemi 551
01/23/2018 06:02:20,BTC,Buy,0.01522798,157.73000000,Gemi 552
01/23/2018 06:03:55,BTC,Buy,0.00187699,19.55000000,Gemi 553
01/23/2018 06:03:55,BTC,Buy,0.00043303,4.51000000,Gemi 554
01/23/2018 06:03:55,BTC,Buy,0.00081817,8.52000000,Gemi 555
01/23/2018 06:03:55,BTC,Buy,2.49930618,26016.83000000,Gemi 556
01/23/2018 06:03:55,BTC,Buy,0.40683874,4233.71000000,Gemi 557
01/23/2018 06:03:55,BTC,Buy,0.09070000,944.73000000,Gemi 558
01/23/2018 06:04:16,BTC,Buy,0.00002689,0.28000000,Gemi 559
01/23/2018 06:05:24,BTC,Buy,1.98964254,20673.20000000,Gemi 560
01/23/2018 06:05:24,BTC,Buy,0.50000000,5193.85000000,Gemi 561
01/23/2018 06:05:24,BTC,Buy,0.49512948,5141.27000000,Gemi 562
01/23/2018 06:31:20,BTC,Sell,-20.00000000,208499.60000000,Gemi 563
01/23/2018 06:41:56,BTC,Buy,7.75882586,81169.72000000,Gemi 564
01/23/2018 06:41:56,BTC,Buy,0.00138953,14.54000000,Gemi 565
01/23/2018 06:41:56,BTC,Buy,0.00177284,18.55000000,Gemi 566
01/23/2018 06:41:56,BTC,Buy,0.00129363,13.53000000,Gemi 567
01/23/2018 06:41:56,BTC,Buy,0.00158095,16.54000000,Gemi 568
01/23/2018 06:41:56,BTC,Buy,0.00158098,16.54000000,Gemi 569
01/23/2018 06:41:56,BTC,Buy,0.00167699,17.54000000,Gemi 570
01/23/2018 06:41:56,BTC,Buy,0.00186851,19.55000000,Gemi 571
01/23/2018 06:41:56,BTC,Buy,0.00167678,17.54000000,Gemi 572
01/23/2018 06:41:56,BTC,Buy,0.00100613,10.53000000,Gemi 573
01/23/2018 06:41:56,BTC,Buy,0.00148538,15.54000000,Gemi 574
01/23/2018 06:41:56,BTC,Buy,0.00129366,13.53000000,Gemi 575
01/23/2018 06:41:56,BTC,Buy,0.00100617,10.53000000,Gemi 576
01/23/2018 06:41:56,BTC,Buy,0.50000000,5228.04000000,Gemi 577
01/23/2018 06:41:56,BTC,Buy,0.00062301,6.51000000,Gemi 578
01/23/2018 06:41:56,BTC,Buy,0.00091063,9.52000000,Gemi 579
01/23/2018 06:41:56,BTC,Buy,0.00139011,14.54000000,Gemi 580
01/23/2018 06:41:56,BTC,Buy,0.00119829,12.53000000,Gemi 581
01/23/2018 06:41:56,BTC,Buy,1.71280000,17901.44000000,Gemi 582
01/23/2018 06:41:56,BTC,Buy,0.00350180,36.59000000,Gemi 583
01/23/2018 06:41:56,BTC,Buy,0.00100722,10.52000000,Gemi 584
01/23/2018 06:41:56,BTC,Buy,0.00139116,14.53000000,Gemi 585
01/23/2018 06:41:56,BTC,Buy,0.00072037,7.52000000,Gemi 586
01/23/2018 06:42:40,BTC,Buy,1.83487316,19137.75000000,Gemi 587
01/23/2018 06:42:46,BTC,Buy,0.48090000,5015.79000000,Gemi 588
01/23/2018 06:42:46,BTC,Buy,2.00000000,20860.02000000,Gemi 589
01/23/2018 06:42:46,BTC,Buy,0.68422684,7136.49000000,Gemi 590
01/23/2018 06:47:16,BTC,Sell,-5.00000000,52124.90000000,Gemi 591
01/23/2018 06:51:05,BTC,Buy,6.03868646,62051.34000000,Gemi 592
01/23/2018 06:51:05,BTC,Buy,0.00180461,18.54000000,Gemi 593
01/23/2018 06:51:05,BTC,Buy,2.00000000,20551.27000000,Gemi 594
01/23/2018 06:51:05,BTC,Buy,0.50000000,5137.82000000,Gemi 595
01/23/2018 06:51:05,BTC,Buy,1.45950893,14997.38000000,Gemi 596
01/23/2018 06:59:31,BTC,Buy,1.08010000,11206.98000000,Gemi 597
01/23/2018 06:59:31,BTC,Buy,1.91990000,19920.64000000,Gemi 598
01/23/2018 07:00:02,BTC,Buy,7.23890000,74747.07000000,Gemi 599
01/23/2018 07:00:02,BTC,Buy,2.76110000,28510.40000000,Gemi 600
01/23/2018 07:02:43,BTC,Sell,-23.00000000,236489.57000000,Gemi 601
01/23/2018 07:18:16,BTC,Sell,-60.00000000,616929.30000000,Gemi 602
01/24/2018 01:37:16,BTC,Buy,1.99000000,21330.33000000,Gemi 603
01/24/2018 01:37:16,BTC,Buy,4.75457000,50963.10000000,Gemi 604
01/24/2018 01:37:16,BTC,Buy,0.00135596,14.53000000,Gemi 605
01/24/2018 01:41:54,BTC,Buy,9.34651922,100192.37000000,Gemi 606
01/24/2018 01:41:54,BTC,Buy,0.19000000,2036.75000000,Gemi 607
01/24/2018 01:41:54,BTC,Buy,0.00088835,9.52000000,Gemi 608
01/24/2018 01:41:54,BTC,Buy,0.46259243,4958.88000000,Gemi 609
01/24/2018 01:51:56,BTC,Buy,0.25396841,2722.47000000,Gemi 610
01/24/2018 01:51:56,BTC,Buy,0.00010000,1.07000000,Gemi 611
01/24/2018 01:51:56,BTC,Buy,0.00000563,0.06000000,Gemi 612
01/24/2018 02:19:20,BTC,Buy,1.99775818,21439.47000000,Gemi 613
01/24/2018 02:19:20,BTC,Buy,0.00051360,5.51000000,Gemi 614
01/24/2018 02:19:20,BTC,Buy,0.00172822,18.55000000,Gemi 615
01/24/2018 02:27:15,BTC,Buy,0.28435163,3051.59000000,Gemi 616
01/24/2018 02:27:17,BTC,Buy,0.71564837,7680.17000000,Gemi 617
01/24/2018 02:31:31,BTC,Buy,2.00000000,21433.45000000,Gemi 618
01/24/2018 02:39:01,BTC,Buy,0.31311893,3349.96000000,Gemi 619
01/24/2018 02:40:54,BTC,Buy,2.00000000,21393.35000000,Gemi 620
01/24/2018 02:40:54,BTC,Buy,0.68688107,7348.72000000,Gemi 621
01/24/2018 02:49:08,BTC,Buy,0.17000000,1826.96000000,Gemi 622
01/24/2018 02:49:20,BTC,Buy,1.83000000,19666.64000000,Gemi 623
01/24/2018 02:52:53,BTC,Buy,2.49957409,26867.43000000,Gemi 624
01/24/2018 02:52:53,BTC,Buy,0.00125901,13.53000000,Gemi 625
01/24/2018 02:52:53,BTC,Buy,0.00051300,5.51000000,Gemi 626
01/24/2018 02:53:33,BTC,Buy,0.49865390,5359.93000000,Gemi 627
02/06/2018 08:42:16,BTC,Buy,5.00000000,30576.25000000,Gemi 949
02/06/2018 08:42:38,BTC,Buy,4.87000000,29693.93000000,Gemi 950
02/06/2018 08:42:38,BTC,Buy,0.13000000,792.65000000,Gemi 951
02/06/2018 08:43:01,BTC,Buy,0.50000000,3032.57000000,Gemi 952
02/06/2018 08:43:01,BTC,Buy,2.23288000,13542.72000000,Gemi 953
02/06/2018 08:45:04,BTC,Buy,2.01000000,12190.92000000,Gemi 954
02/06/2018 08:45:06,BTC,Buy,0.25712000,1559.47000000,Gemi 955
02/06/2018 08:45:18,BTC,Buy,4.50000000,27293.11000000,Gemi 956
02/06/2018 08:45:18,BTC,Buy,0.50000000,3032.57000000,Gemi 957
02/06/2018 08:48:14,BTC,Sell,-20.00000000,122634.90000000,Gemi 958
02/06/2018 09:29:17,BTC,Buy,0.40600000,2633.33000000,Gemi 959
02/06/2018 09:29:18,BTC,Buy,0.16159900,1048.14000000,Gemi 960
02/06/2018 09:29:44,BTC,Buy,1.26300000,8191.87000000,Gemi 961
02/06/2018 09:29:44,BTC,Buy,2.00000000,12972.09000000,Gemi 962
02/06/2018 09:29:45,BTC,Buy,0.76940000,4990.36000000,Gemi 963
02/06/2018 09:29:46,BTC,Buy,0.00000100,0.01000000,Gemi 964
02/06/2018 09:30:51,BTC,Sell,-4.60000000,29824.05000000,Gemi 965
02/14/2018 01:06:27,BTC,Sell,-30.00000000,259471.50000000,Gemi 978
02/23/2018 04:07:23,BTC,Buy,0.24000000,2379.83000000,Gemi 979
02/23/2018 04:07:34,BTC,Buy,0.46000000,4561.34000000,Gemi 980
02/23/2018 04:07:35,BTC,Buy,4.30000000,42638.62000000,Gemi 981
02/23/2018 04:07:55,BTC,Buy,0.50000000,4948.93000000,Gemi 982
02/23/2018 04:09:10,BTC,Buy,8.15588395,81003.98000000,Gemi 983
02/23/2018 04:09:10,BTC,Buy,1.81220000,17989.63000000,Gemi 984
02/23/2018 04:09:10,BTC,Buy,0.88000000,8735.31000000,Gemi 985
02/23/2018 04:09:10,BTC,Buy,4.06080000,40307.39000000,Gemi 986
02/23/2018 04:09:10,BTC,Buy,0.05000000,496.19000000,Gemi 987
02/23/2018 04:09:10,BTC,Buy,0.04111605,408.03000000,Gemi 988
02/23/2018 04:10:15,BTC,Buy,0.50000000,4966.94000000,Gemi 989
02/23/2018 04:10:15,BTC,Buy,1.00000000,9933.88000000,Gemi 990
02/23/2018 04:10:15,BTC,Buy,1.00000000,9933.88000000,Gemi 991
02/23/2018 04:11:36,BTC,Buy,0.15137754,1503.77000000,Gemi 992
02/23/2018 04:11:42,BTC,Buy,6.75862246,67139.36000000,Gemi 993
02/23/2018 04:13:05,BTC,Sell,-30.00000000,295787.70000000,Gemi 994
02/28/2018 23:13:08,BTC,Buy,1.00000000,10357.94000000,Gemi 995
03/01/2018 00:13:38,BTC,Buy,100.00000000,1028924.00000000,Gemi 996
03/01/2018 00:19:52,BTC,Sell,-0.50000000,5124.43000000,Gemi 997
03/01/2018 00:19:52,BTC,Sell,-0.05000000,512.42000000,Gemi 998
03/01/2018 00:20:01,BTC,Sell,-0.00010000,1.02000000,Gemi 999
03/01/2018 00:20:10,BTC,Sell,-0.04133577,423.62000000,Gemi 1000
03/01/2018 00:20:33,BTC,Sell,-4.00000000,40993.30000000,Gemi 1001
03/01/2018 00:20:56,BTC,Sell,-5.40856423,55428.72000000,Gemi 1002
03/01/2018 00:22:07,BTC,Sell,-10.00000000,102582.80000000,Gemi 1003
03/01/2018 00:22:32,BTC,Sell,-2.77702384,28498.49000000,Gemi 1004
03/01/2018 00:22:32,BTC,Sell,-1.00000000,10265.56000000,Gemi 1005
03/01/2018 00:22:32,BTC,Sell,-1.72790000,17742.29000000,Gemi 1006
03/01/2018 00:22:32,BTC,Sell,-0.75000000,7701.11000000,Gemi 1007
03/01/2018 00:22:32,BTC,Sell,-0.75000000,7701.60000000,Gemi 1008
03/01/2018 00:22:32,BTC,Sell,-0.50000000,5134.59000000,Gemi 1009
03/01/2018 00:22:32,BTC,Sell,-0.75000000,7703.34000000,Gemi 1010
03/01/2018 00:22:32,BTC,Sell,-0.74507616,7653.59000000,Gemi 1011
03/01/2018 00:22:32,BTC,Sell,-1.00000000,10272.72000000,Gemi 1012
03/01/2018 00:23:12,BTC,Sell,-0.56524064,5809.01000000,Gemi 1013
03/01/2018 00:23:27,BTC,Sell,-0.99259381,10200.95000000,Gemi 1014
03/01/2018 00:23:31,BTC,Sell,-1.00098092,10287.14000000,Gemi 1015
03/01/2018 00:23:34,BTC,Sell,-1.00166631,10294.19000000,Gemi 1016
03/01/2018 00:23:40,BTC,Sell,-0.02837661,291.63000000,Gemi 1017
03/01/2018 00:23:50,BTC,Sell,-0.48409379,4975.06000000,Gemi 1018
03/01/2018 00:23:55,BTC,Sell,-1.00223037,10299.98000000,Gemi 1019
03/01/2018 00:24:01,BTC,Sell,-1.00198883,10297.50000000,Gemi 1020
03/01/2018 00:24:03,BTC,Sell,-1.00242326,10301.97000000,Gemi 1021
03/01/2018 00:24:05,BTC,Sell,-1.00241380,10301.87000000,Gemi 1022
03/01/2018 00:24:07,BTC,Sell,-1.00243123,10302.05000000,Gemi 1023
03/01/2018 00:24:09,BTC,Sell,-0.91556043,9409.27000000,Gemi 1024
03/01/2018 00:24:42,BTC,Sell,-4.27978663,44035.55000000,Gemi 1025
03/01/2018 00:24:59,BTC,Sell,-0.98371336,10121.62000000,Gemi 1026
03/01/2018 00:24:59,BTC,Sell,-0.99820122,10270.68000000,Gemi 1027
03/01/2018 00:25:07,BTC,Sell,-1.00005115,10289.72000000,Gemi 1028
03/01/2018 00:25:09,BTC,Sell,-0.32734514,3368.12000000,Gemi 1029
03/01/2018 00:25:18,BTC,Sell,-0.10000000,1028.92000000,Gemi 1030
03/01/2018 00:25:28,BTC,Sell,-0.00150073,15.44000000,Gemi 1031
03/01/2018 00:25:30,BTC,Sell,-1.00007811,10290.00000000,Gemi 1032
03/01/2018 00:25:49,BTC,Sell,-1.00009147,10290.13000000,Gemi 1033
03/01/2018 00:25:49,BTC,Sell,-0.19389238,1995.00000000,Gemi 1034
03/01/2018 00:25:57,BTC,Sell,-0.11533981,1186.75000000,Gemi 1035
03/01/2018 00:26:59,BTC,Sell,-0.01875024,193.32000000,Gemi 1036
03/01/2018 00:27:25,BTC,Sell,-4.60375700,47465.47000000,Gemi 1037
03/01/2018 00:32:19,BTC,Sell,-0.00000159,0.02000000,Gemi 1038
03/01/2018 00:32:19,BTC,Sell,-4.99999841,51317.32000000,Gemi 1039
03/01/2018 00:33:37,BTC,Sell,-0.21000353,2157.42000000,Gemi 1040
03/01/2018 00:33:38,BTC,Sell,-0.61063464,6273.20000000,Gemi 1041
03/01/2018 00:33:39,BTC,Sell,-1.00007950,10274.07000000,Gemi 1042
03/01/2018 00:33:39,BTC,Sell,-2.50090000,25692.38000000,Gemi 1043
03/01/2018 00:33:43,BTC,Sell,-0.11998500,1232.64000000,Gemi 1044
03/01/2018 00:33:44,BTC,Sell,-0.45931212,4718.63000000,Gemi 1045
03/01/2018 00:33:44,BTC,Sell,-0.54085140,5556.30000000,Gemi 1046
03/01/2018 00:33:45,BTC,Sell,-0.98001500,10067.94000000,Gemi 1047
03/01/2018 00:33:45,BTC,Sell,-1.00000000,10273.25000000,Gemi 1048
03/01/2018 00:33:45,BTC,Sell,-1.00000000,10273.25000000,Gemi 1049
03/01/2018 00:33:46,BTC,Sell,-0.10000000,1027.33000000,Gemi 1050
03/01/2018 00:33:46,BTC,Sell,-0.40000000,4109.30000000,Gemi 1051
03/01/2018 00:33:46,BTC,Sell,-1.07821881,11076.81000000,Gemi 1052
03/01/2018 00:34:19,BTC,Sell,-0.49592693,5106.21000000,Gemi 1053
03/01/2018 00:34:44,BTC,Sell,-0.24005100,2471.64000000,Gemi 1054
03/01/2018 00:34:47,BTC,Sell,-0.05319100,547.67000000,Gemi 1055
03/01/2018 00:34:48,BTC,Sell,-0.26862200,2765.81000000,Gemi 1056
03/01/2018 00:34:49,BTC,Sell,-0.68769540,7080.72000000,Gemi 1057
03/01/2018 00:34:51,BTC,Sell,-0.04824700,496.77000000,Gemi 1058
03/01/2018 00:34:52,BTC,Sell,-0.01641679,169.03000000,Gemi 1059
03/01/2018 00:34:56,BTC,Sell,-0.48246700,4967.63000000,Gemi 1060
03/01/2018 00:34:58,BTC,Sell,-0.24747300,2548.06000000,Gemi 1061
03/01/2018 00:34:58,BTC,Sell,-0.06497100,668.96000000,Gemi 1062
03/01/2018 00:35:14,BTC,Sell,-0.00365967,37.68000000,Gemi 1063
03/01/2018 00:35:19,BTC,Sell,-1.00180309,10314.87000000,Gemi 1064
03/01/2018 00:35:23,BTC,Sell,-0.04831891,497.51000000,Gemi 1065
03/01/2018 00:35:34,BTC,Sell,-1.00001700,10296.48000000,Gemi 1066
03/01/2018 00:36:03,BTC,Sell,-1.00210823,10318.01000000,Gemi 1067
03/01/2018 00:36:03,BTC,Sell,-0.43904100,4520.50000000,Gemi 1068
03/01/2018 00:36:08,BTC,Sell,-0.66095900,6805.44000000,Gemi 1069
03/01/2018 00:36:10,BTC,Sell,-1.00205261,10317.44000000,Gemi 1070
03/01/2018 00:36:11,BTC,Sell,-0.00972572,100.14000000,Gemi 1071
03/01/2018 00:36:12,BTC,Sell,-0.09715100,1000.30000000,Gemi 1072
03/01/2018 00:36:12,BTC,Sell,-1.00284900,10325.64000000,Gemi 1073
03/01/2018 00:36:20,BTC,Sell,-1.10000000,11325.94000000,Gemi 1074
03/01/2018 00:36:28,BTC,Sell,-0.02725365,280.61000000,Gemi 1075
03/01/2018 00:36:30,BTC,Sell,-1.03730908,10694.82000000,Gemi 1076
03/01/2018 00:36:33,BTC,Sell,-0.62328400,6426.16000000,Gemi 1077
03/01/2018 00:36:34,BTC,Sell,-0.47671600,4915.02000000,Gemi 1078
03/01/2018 00:36:35,BTC,Sell,-0.05212300,537.40000000,Gemi 1079
03/01/2018 00:36:39,BTC,Sell,-0.16502300,1701.41000000,Gemi 1080
03/01/2018 00:36:40,BTC,Sell,-0.00241873,24.94000000,Gemi 1081
03/01/2018 00:36:42,BTC,Sell,-0.36402000,3753.10000000,Gemi 1082
03/01/2018 00:36:45,BTC,Sell,-1.50000000,15465.24000000,Gemi 1083
03/01/2018 00:36:45,BTC,Sell,-1.15659895,11924.72000000,Gemi 1084
03/01/2018 00:38:11,BTC,Sell,-2.91088842,30027.70000000,Gemi 1085
03/01/2018 00:38:45,BTC,Sell,-1.00000000,10303.31000000,Gemi 1086
03/01/2018 00:39:34,BTC,Sell,-0.04830503,497.50000000,Gemi 1087
03/01/2018 00:39:48,BTC,Buy,100.00000000,1028924.00000000,Gemi 1088
03/01/2018 00:39:48,BTC,Sell,-0.00010000,1.03000000,Gemi 1089
03/01/2018 00:39:53,BTC,Sell,-0.03139847,323.38000000,Gemi 1090
03/01/2018 00:39:57,BTC,Sell,-0.31806264,3275.79000000,Gemi 1091
03/01/2018 00:40:03,BTC,Sell,-0.00023695,2.44000000,Gemi 1092
03/01/2018 00:40:04,BTC,Sell,-0.04820909,496.51000000,Gemi 1093
03/01/2018 00:40:14,BTC,Sell,-0.48213028,4965.55000000,Gemi 1094
03/01/2018 00:40:38,BTC,Sell,-1.00002387,10299.44000000,Gemi 1095
03/01/2018 00:40:39,BTC,Sell,-2.07153367,21335.13000000,Gemi 1096
03/01/2018 00:41:03,BTC,Sell,-0.00646953,66.74000000,Gemi 1097
03/01/2018 00:41:51,BTC,Sell,-0.47797299,4930.60000000,Gemi 1098
03/01/2018 00:41:58,BTC,Sell,-0.22519822,2323.07000000,Gemi 1099
03/01/2018 00:42:36,BTC,Sell,-0.04822801,497.50000000,Gemi 1100
03/01/2018 00:42:47,BTC,Sell,-0.10127946,1044.76000000,Gemi 1101
03/01/2018 00:42:49,BTC,Sell,-1.00001520,10315.80000000,Gemi 1102
03/01/2018 00:42:55,BTC,Sell,-5.99995183,61893.38000000,Gemi 1103
03/01/2018 00:42:55,BTC,Sell,-0.22994817,2372.06000000,Gemi 1104
03/01/2018 00:42:56,BTC,Sell,-0.00004817,0.50000000,Gemi 1105
03/01/2018 00:46:12,BTC,Sell,-0.14230845,1469.44000000,Gemi 1106
03/01/2018 00:47:47,BTC,Sell,-0.50000000,5154.31000000,Gemi 1107
03/01/2018 00:47:47,BTC,Sell,-0.99980000,10306.56000000,Gemi 1108
03/01/2018 00:51:54,BTC,Sell,-0.00474328,48.88000000,Gemi 1109
03/01/2018 00:52:54,BTC,Sell,-0.00482712,49.74000000,Gemi 1110
03/01/2018 00:53:01,BTC,Sell,-5.00000000,51520.92000000,Gemi 1111
03/01/2018 00:53:01,BTC,Sell,-4.99042960,51422.31000000,Gemi 1112
03/01/2018 00:53:57,BTC,Sell,-5.16329950,53280.75000000,Gemi 1113
03/01/2018 00:53:57,BTC,Sell,-0.00040000,4.13000000,Gemi 1114
03/01/2018 00:54:06,BTC,Sell,-1.00007553,10319.91000000,Gemi 1115
03/01/2018 00:54:08,BTC,Sell,-1.00171611,10336.84000000,Gemi 1116
03/01/2018 00:54:09,BTC,Sell,-2.83450886,29249.66000000,Gemi 1117
03/01/2018 00:56:51,BTC,Sell,-6.96731156,71889.42000000,Gemi 1118
03/01/2018 00:56:51,BTC,Sell,-0.00010000,1.03000000,Gemi 1119
03/01/2018 00:57:23,BTC,Sell,-1.00000082,10318.11000000,Gemi 1120
03/01/2018 00:57:34,BTC,Sell,-0.19288000,1990.16000000,Gemi 1121
03/01/2018 00:57:34,BTC,Sell,-0.61818040,6378.45000000,Gemi 1122
03/01/2018 00:57:38,BTC,Sell,-0.80720280,8328.80000000,Gemi 1123
03/01/2018 00:57:47,BTC,Sell,-0.00347662,35.87000000,Gemi 1124
03/01/2018 00:57:50,BTC,Sell,-0.00482117,49.75000000,Gemi 1125
03/01/2018 00:57:51,BTC,Sell,-0.59404890,6129.46000000,Gemi 1126
03/01/2018 00:57:51,BTC,Sell,-0.40602663,4189.42000000,Gemi 1127
03/01/2018 00:57:53,BTC,Sell,-0.34899593,3600.97000000,Gemi 1128
03/01/2018 00:57:54,BTC,Sell,-0.33789072,3486.39000000,Gemi 1129
03/01/2018 00:57:58,BTC,Sell,-0.66218481,6832.49000000,Gemi 1130
03/01/2018 00:58:01,BTC,Sell,-0.00254386,26.25000000,Gemi 1131
03/01/2018 00:58:04,BTC,Sell,-0.00882544,91.06000000,Gemi 1132
03/01/2018 00:58:04,BTC,Sell,-0.34049433,3513.25000000,Gemi 1133
03/01/2018 00:58:04,BTC,Sell,-0.09643000,994.97000000,Gemi 1134
03/01/2018 00:58:04,BTC,Sell,-0.49863953,5145.01000000,Gemi 1135
03/01/2018 00:58:04,BTC,Sell,-0.06451167,665.64000000,Gemi 1136
03/01/2018 00:58:06,BTC,Sell,-0.48210000,4974.36000000,Gemi 1137
03/01/2018 00:58:06,BTC,Sell,-0.45355968,4679.87000000,Gemi 1138
03/01/2018 00:58:07,BTC,Sell,-0.18930000,1953.22000000,Gemi 1139
03/01/2018 00:58:07,BTC,Sell,-1.81070000,18682.98000000,Gemi 1140
03/01/2018 00:58:08,BTC,Sell,-1.00006093,10318.73000000,Gemi 1141
03/01/2018 00:58:10,BTC,Sell,-0.19248200,1986.05000000,Gemi 1142
03/01/2018 00:58:10,BTC,Sell,-1.00005360,10318.65000000,Gemi 1143
03/01/2018 00:58:10,BTC,Sell,-1.80751800,18650.15000000,Gemi 1144
03/01/2018 00:58:10,BTC,Sell,-4.99993940,51589.88000000,Gemi 1145
03/01/2018 00:58:10,BTC,Sell,-0.10966060,1131.49000000,Gemi 1146
03/01/2018 00:58:10,BTC,Sell,-0.00006060,0.63000000,Gemi 1147
03/01/2018 00:58:18,BTC,Sell,-0.50000000,5169.74000000,Gemi 1148
03/01/2018 00:58:18,BTC,Sell,-0.75000000,7758.14000000,Gemi 1149
03/01/2018 00:58:18,BTC,Sell,-0.75000000,7758.26000000,Gemi 1150
03/01/2018 00:58:18,BTC,Sell,-0.75000000,7759.49000000,Gemi 1151
03/01/2018 00:58:18,BTC,Sell,-0.75000000,7760.76000000,Gemi 1152
03/01/2018 00:58:18,BTC,Sell,-1.00000000,10347.69000000,Gemi 1153
03/01/2018 00:58:18,BTC,Sell,-0.50000000,5173.84000000,Gemi 1154
03/01/2018 01:01:51,BTC,Sell,-0.03543795,366.34000000,Gemi 1155
03/01/2018 01:05:40,BTC,Sell,-1.98769545,20521.22000000,Gemi 1156
03/01/2018 01:05:43,BTC,Sell,-0.01000000,103.24000000,Gemi 1157
03/01/2018 01:05:43,BTC,Sell,-0.50000000,5162.06000000,Gemi 1158
03/01/2018 01:05:43,BTC,Sell,-2.45123000,25306.78000000,Gemi 1159
03/01/2018 01:05:43,BTC,Sell,-1.00000000,10324.12000000,Gemi 1160
03/01/2018 01:09:22,BTC,Sell,-3.00000000,30930.45000000,Gemi 1161
03/01/2018 01:09:22,BTC,Sell,-1.00000000,10310.15000000,Gemi 1162
03/01/2018 01:09:22,BTC,Sell,-1.00000000,10310.15000000,Gemi 1163
03/01/2018 01:09:22,BTC,Sell,-0.50000000,5155.08000000,Gemi 1164
03/01/2018 01:09:22,BTC,Sell,-1.00000000,10310.15000000,Gemi 1165
03/01/2018 01:09:23,BTC,Sell,-1.00096949,10320.15000000,Gemi 1166
03/01/2018 01:09:24,BTC,Sell,-0.48215000,4971.04000000,Gemi 1167
03/01/2018 01:09:25,BTC,Sell,-0.51792553,5339.89000000,Gemi 1168
03/01/2018 01:09:25,BTC,Sell,-1.00078442,10318.24000000,Gemi 1169
03/01/2018 01:09:26,BTC,Sell,-0.00514651,53.06000000,Gemi 1170
03/01/2018 01:09:27,BTC,Sell,-0.49302405,5083.15000000,Gemi 1171
03/01/2018 01:09:40,BTC,Sell,-10.00000000,103101.50000000,Gemi 1172
03/01/2018 01:09:57,BTC,Sell,-0.03000000,309.30000000,Gemi 1173
03/01/2018 01:09:57,BTC,Sell,-1.00000000,10310.15000000,Gemi 1174
03/01/2018 01:09:58,BTC,Sell,-1.00241314,10335.03000000,Gemi 1175
03/01/2018 01:09:59,BTC,Sell,-1.00243283,10335.23000000,Gemi 1176
03/01/2018 01:10:01,BTC,Sell,-1.00243820,10335.29000000,Gemi 1177
03/01/2018 01:10:13,BTC,Sell,-0.00948142,97.75000000,Gemi 1178
03/01/2018 01:10:17,BTC,Sell,-0.78798822,8124.28000000,Gemi 1179
03/01/2018 01:10:20,BTC,Sell,-0.00171549,17.69000000,Gemi 1180
03/01/2018 01:10:23,BTC,Sell,-3.00000000,30930.42000000,Gemi 1181
03/01/2018 01:10:23,BTC,Sell,-1.00000000,10310.14000000,Gemi 1182
03/01/2018 01:10:23,BTC,Sell,-1.00000000,10310.14000000,Gemi 1183
03/01/2018 01:10:23,BTC,Sell,-1.00000000,10310.14000000,Gemi 1184
03/01/2018 01:10:36,BTC,Sell,-1.00005080,10310.66000000,Gemi 1185
03/01/2018 01:10:38,BTC,Sell,-1.00005080,10310.66000000,Gemi 1186
03/01/2018 01:10:47,BTC,Sell,-0.00171490,17.68000000,Gemi 1187
03/01/2018 01:11:14,BTC,Sell,-0.00171490,17.68000000,Gemi 1188
03/01/2018 01:16:09,BTC,Sell,-1.00002118,10284.45000000,Gemi 1189
03/01/2018 01:16:11,BTC,Sell,-2.00000000,20568.47000000,Gemi 1190
03/01/2018 01:16:18,BTC,Sell,-0.00340381,35.01000000,Gemi 1191
03/01/2018 01:16:24,BTC,Sell,-0.00176791,18.18000000,Gemi 1192
03/01/2018 01:16:34,BTC,Sell,-0.00340622,35.03000000,Gemi 1193
03/01/2018 01:16:44,BTC,Sell,-0.00167435,17.22000000,Gemi 1194
03/01/2018 01:16:46,BTC,Sell,-0.00340622,35.03000000,Gemi 1195
03/01/2018 01:16:47,BTC,Sell,-0.34890000,3588.17000000,Gemi 1196
03/01/2018 01:17:12,BTC,Sell,-0.04837562,497.51000000,Gemi 1197
03/01/2018 01:17:27,BTC,Sell,-1.00002118,10284.45000000,Gemi 1198
03/01/2018 01:17:39,BTC,Sell,-5.12582351,52715.17000000,Gemi 1199
03/19/2018 14:39:41,BTC,Buy,1.00000000,8632.02000000,Gemi 1200
03/19/2018 15:11:35,BTC,Buy,134.00000000,1145099.68000000,Gemi 1201
03/21/2018 04:50:38,BTC,Sell,-135.00000000,1226808.45000000,Gemi 1202
03/22/2018 13:44:59,BTC,Buy,1.00000000,8691.68000000,Gemi 1203
03/22/2018 13:45:15,BTC,Buy,19.00000000,165141.83000000,Gemi 1204
03/22/2018 13:50:48,BTC,Buy,2.89483411,25015.85000000,Gemi 1205
03/22/2018 13:50:48,BTC,Buy,0.00010000,0.86000000,Gemi 1206
03/22/2018 13:50:56,BTC,Buy,0.10000000,864.16000000,Gemi 1207
03/22/2018 13:50:56,BTC,Buy,0.90000000,7777.40000000,Gemi 1208
03/22/2018 13:50:57,BTC,Buy,0.91938045,7944.87000000,Gemi 1209
03/22/2018 13:51:00,BTC,Buy,0.22807837,1970.95000000,Gemi 1210
03/22/2018 13:51:01,BTC,Buy,0.77192163,6670.60000000,Gemi 1211
03/22/2018 13:51:01,BTC,Buy,9.00000000,77773.95000000,Gemi 1212
03/22/2018 13:51:04,BTC,Buy,7.18568544,62095.46000000,Gemi 1213
03/22/2018 14:42:56,BTC,Buy,30.00000000,256539.75000000,Gemi 1214
03/22/2018 21:14:14,BTC,Buy,30.91816343,263492.40000000,Gemi 1215
03/23/2018 01:40:45,BTC,Sell,-0.00016343,1.40000000,Gemi 1216
04/02/2018 05:01:34,BTC,Buy,2.00000000,13788.65000000,Gemi 1217
04/24/2018 14:11:38,BTC,Buy,0.25000000,2344.20000000,Gemi 1218
04/24/2018 14:11:38,BTC,Buy,0.25000000,2343.83000000,Gemi 1219
04/24/2018 14:11:38,BTC,Buy,0.50000000,4686.32000000,Gemi 1220
04/24/2018 14:47:10,BTC,Buy,0.25000000,2355.66000000,Gemi 1221
04/24/2018 14:47:10,BTC,Buy,0.00155411,14.64000000,Gemi 1222
04/24/2018 14:47:10,BTC,Buy,0.00144707,13.63000000,Gemi 1223
04/24/2018 14:47:10,BTC,Buy,0.00166145,15.65000000,Gemi 1224
04/24/2018 14:47:10,BTC,Buy,0.00069673,6.56000000,Gemi 1225
04/24/2018 14:47:10,BTC,Buy,0.00187601,17.67000000,Gemi 1226
04/24/2018 14:47:10,BTC,Buy,0.00048215,4.54000000,Gemi 1227
04/24/2018 14:47:10,BTC,Buy,0.00198320,18.68000000,Gemi 1228
04/24/2018 14:47:10,BTC,Buy,0.00166166,15.65000000,Gemi 1229
04/24/2018 14:47:10,BTC,Buy,0.00176874,16.66000000,Gemi 1230
04/24/2018 14:47:10,BTC,Buy,0.00155455,14.64000000,Gemi 1231
04/24/2018 14:47:10,BTC,Buy,0.00144713,13.63000000,Gemi 1232
04/24/2018 14:47:10,BTC,Buy,0.00123281,11.61000000,Gemi 1233
04/24/2018 14:47:10,BTC,Buy,0.00144734,13.63000000,Gemi 1234
04/24/2018 14:47:10,BTC,Buy,0.00058965,5.55000000,Gemi 1235
04/24/2018 14:47:10,BTC,Buy,0.00080397,7.57000000,Gemi 1236
04/24/2018 14:47:10,BTC,Buy,0.00091107,8.58000000,Gemi 1237
04/24/2018 14:47:10,BTC,Buy,0.00112571,10.60000000,Gemi 1238
04/24/2018 14:47:10,BTC,Buy,0.00123273,11.61000000,Gemi 1239
04/24/2018 14:47:10,BTC,Buy,0.00144743,13.63000000,Gemi 1240
04/24/2018 14:47:10,BTC,Buy,0.00230525,21.71000000,Gemi 1241
04/24/2018 14:47:10,BTC,Buy,0.50000000,4709.36000000,Gemi 1242
04/24/2018 14:47:20,BTC,Buy,0.01608715,151.59000000,Gemi 1243
04/24/2018 14:47:44,BTC,Buy,0.07813814,736.32000000,Gemi 1244
04/24/2018 14:47:45,BTC,Buy,0.01074700,101.27000000,Gemi 1245
04/24/2018 14:47:46,BTC,Buy,0.01074700,101.27000000,Gemi 1246
04/24/2018 14:47:46,BTC,Buy,0.01074700,101.27000000,Gemi 1247
04/24/2018 14:47:47,BTC,Buy,0.01074700,101.27000000,Gemi 1248
04/24/2018 14:48:20,BTC,Buy,0.02273250,214.22000000,Gemi 1249
04/24/2018 14:48:22,BTC,Buy,0.01074300,101.23000000,Gemi 1250
04/24/2018 14:48:23,BTC,Buy,0.01074300,101.23000000,Gemi 1251
04/24/2018 14:48:23,BTC,Buy,0.01074300,101.23000000,Gemi 1252
04/24/2018 14:48:24,BTC,Buy,0.01074300,101.23000000,Gemi 1253
04/24/2018 14:48:24,BTC,Buy,0.01074300,101.23000000,Gemi 1254
04/24/2018 14:48:25,BTC,Buy,0.00911045,85.85000000,Gemi 1255
04/24/2018 15:17:28,BTC,Buy,0.25000000,2357.64000000,Gemi 1256
04/24/2018 15:17:28,BTC,Buy,0.00101738,9.59000000,Gemi 1257
04/24/2018 15:17:28,BTC,Buy,0.00123146,11.61000000,Gemi 1258
04/24/2018 15:17:28,BTC,Buy,0.00091008,8.58000000,Gemi 1259
04/24/2018 15:17:28,BTC,Buy,0.00080301,7.57000000,Gemi 1260
04/24/2018 15:17:28,BTC,Buy,0.00058892,5.55000000,Gemi 1261
04/24/2018 15:17:28,BTC,Buy,0.00048194,4.54000000,Gemi 1262
04/24/2018 15:17:28,BTC,Buy,0.00187415,17.67000000,Gemi 1263
04/24/2018 15:17:28,BTC,Buy,0.00155286,14.64000000,Gemi 1264
04/24/2018 15:17:28,BTC,Buy,0.00133846,12.62000000,Gemi 1265
04/24/2018 15:17:28,BTC,Buy,0.00176703,16.66000000,Gemi 1266
04/24/2018 15:17:28,BTC,Buy,0.00155263,14.64000000,Gemi 1267
04/24/2018 15:17:28,BTC,Buy,0.00069600,6.56000000,Gemi 1268
04/24/2018 15:17:28,BTC,Buy,0.00058902,5.55000000,Gemi 1269
04/24/2018 15:17:28,BTC,Buy,0.00133848,12.62000000,Gemi 1270
04/24/2018 15:17:28,BTC,Buy,0.00080315,7.57000000,Gemi 1271
04/24/2018 15:17:28,BTC,Buy,0.00091014,8.58000000,Gemi 1272
04/24/2018 15:17:28,BTC,Buy,0.00058898,5.55000000,Gemi 1273
04/24/2018 15:17:28,BTC,Buy,0.00069597,6.56000000,Gemi 1274
04/24/2018 15:17:28,BTC,Buy,0.00187406,17.67000000,Gemi 1275
04/24/2018 15:17:28,BTC,Buy,0.00123134,11.61000000,Gemi 1276
04/24/2018 15:22:11,BTC,Buy,1.00000000,9447.14000000,Gemi 1277
04/29/2018 05:24:11,BTC,Buy,2.05838640,19558.24000000,Gemi 1278
04/29/2018 05:47:45,BTC,Buy,0.14994153,1424.70000000,Gemi 1279
04/29/2018 05:47:45,BTC,Buy,0.00010000,0.95000000,Gemi 1280
04/29/2018 05:47:45,BTC,Buy,4.00000030,38006.93000000,Gemi 1281
04/29/2018 05:47:46,BTC,Buy,0.99150000,9420.97000000,Gemi 1282
04/29/2018 05:47:46,BTC,Buy,0.00007177,0.68000000,Gemi 1283
04/29/2018 07:50:31,BTC,Buy,0.05731875,544.05000000,Gemi 1284
04/29/2018 08:43:25,BTC,Sell,-115.44722140,1079270.47000000,Gemi 1285
01/29/2018 05:31:18,ETH,Buy,0.54436000,649.14000000,Gemi 628
01/29/2018 05:31:35,ETH,Buy,0.94435200,1126.12000000,Gemi 629
01/29/2018 05:32:44,ETH,Buy,8.51128800,10149.57000000,Gemi 630
01/29/2018 05:35:01,ETH,Buy,34.36690600,40964.41000000,Gemi 631
01/29/2018 05:35:01,ETH,Buy,0.00462400,5.51000000,Gemi 632
01/29/2018 05:35:01,ETH,Buy,0.01639800,19.55000000,Gemi 633
01/29/2018 05:35:01,ETH,Buy,0.01471700,17.54000000,Gemi 634
01/29/2018 05:35:01,ETH,Buy,0.01135300,13.53000000,Gemi 635
01/29/2018 05:35:01,ETH,Buy,0.02312800,27.57000000,Gemi 636
01/29/2018 05:35:01,ETH,Buy,0.00714600,8.52000000,Gemi 637
01/29/2018 05:35:01,ETH,Buy,0.02228600,26.56000000,Gemi 638
01/29/2018 05:35:01,ETH,Buy,0.38837000,462.91000000,Gemi 639
01/29/2018 05:35:01,ETH,Buy,0.01135300,13.53000000,Gemi 640
01/29/2018 05:35:01,ETH,Buy,0.01051100,12.53000000,Gemi 641
01/29/2018 05:35:01,ETH,Buy,0.01387600,16.54000000,Gemi 642
01/29/2018 05:35:01,ETH,Buy,0.00546500,6.51000000,Gemi 643
01/29/2018 05:35:01,ETH,Buy,0.00883000,10.52000000,Gemi 644
01/29/2018 05:35:01,ETH,Buy,0.00967200,11.53000000,Gemi 645
01/29/2018 05:35:01,ETH,Buy,0.01387600,16.54000000,Gemi 646
01/29/2018 05:35:01,ETH,Buy,0.00378300,4.51000000,Gemi 647
01/29/2018 05:35:01,ETH,Buy,0.02313000,27.57000000,Gemi 648
01/29/2018 05:35:01,ETH,Buy,0.00378400,4.51000000,Gemi 649
01/29/2018 05:35:01,ETH,Buy,0.00967100,11.53000000,Gemi 650
01/29/2018 05:35:01,ETH,Buy,0.01471800,17.54000000,Gemi 651
01/29/2018 05:35:01,ETH,Buy,5.00000000,5958.81000000,Gemi 652
01/29/2018 05:35:01,ETH,Buy,0.01640300,19.55000000,Gemi 653
01/29/2018 05:36:29,ETH,Sell,-50.00000000,59542.50000000,Gemi 654
01/30/2018 03:37:55,ETH,Buy,0.00577000,6.51000000,Gemi 655
01/30/2018 03:37:55,ETH,Buy,0.00843400,9.52000000,Gemi 656
01/30/2018 03:38:50,ETH,Buy,2.86144800,3233.46000000,Gemi 657
01/30/2018 03:38:56,ETH,Buy,5.42430000,6129.50000000,Gemi 658
01/30/2018 03:38:58,ETH,Buy,1.71425200,1937.12000000,Gemi 659
01/30/2018 03:38:58,ETH,Buy,1.08678900,1227.02000000,Gemi 660
01/30/2018 03:38:58,ETH,Buy,6.39858600,7224.23000000,Gemi 661
01/30/2018 03:38:59,ETH,Buy,1.10557200,1248.23000000,Gemi 662
01/30/2018 03:39:01,ETH,Buy,1.39484900,1574.83000000,Gemi 663
01/30/2018 03:39:48,ETH,Buy,20.00000000,22474.65000000,Gemi 664
01/30/2018 03:41:33,ETH,Buy,4.40000000,4950.95000000,Gemi 665
01/30/2018 03:44:21,ETH,Buy,5.60000000,6301.21000000,Gemi 666
01/30/2018 03:44:21,ETH,Buy,20.00000000,22538.21000000,Gemi 667
01/30/2018 03:45:37,ETH,Buy,2.13449800,2405.41000000,Gemi 668
01/30/2018 03:46:07,ETH,Buy,0.03000000,33.81000000,Gemi 669
01/30/2018 03:46:37,ETH,Buy,0.87000000,980.42000000,Gemi 670
01/30/2018 03:46:45,ETH,Buy,16.96550200,19118.77000000,Gemi 671
01/30/2018 03:47:23,ETH,Buy,20.00000000,22516.75000000,Gemi 672
01/30/2018 03:47:51,ETH,Buy,0.01379900,15.54000000,Gemi 673
01/30/2018 03:47:51,ETH,Buy,0.37772100,425.24000000,Gemi 674
01/30/2018 03:48:18,ETH,Buy,5.00000000,5629.14000000,Gemi 675
01/30/2018 03:55:55,ETH,Buy,0.00842900,9.52000000,Gemi 676
01/30/2018 03:55:55,ETH,Buy,11.72839300,13250.94000000,Gemi 677
01/30/2018 03:55:55,ETH,Buy,0.01730100,19.55000000,Gemi 678
01/30/2018 03:55:55,ETH,Buy,0.01730100,19.55000000,Gemi 679
01/30/2018 03:55:55,ETH,Buy,3.80600000,4299.89000000,Gemi 680
01/30/2018 03:56:28,ETH,Buy,10.00000000,11298.18000000,Gemi 681
01/30/2018 03:57:22,ETH,Buy,1.48853700,1681.78000000,Gemi 682
01/30/2018 03:57:40,ETH,Buy,7.93403900,8964.02000000,Gemi 683
01/30/2018 03:58:48,ETH,Buy,0.13900000,156.91000000,Gemi 684
01/30/2018 04:00:05,ETH,Buy,5.71108600,6446.99000000,Gemi 685
01/30/2018 04:01:52,ETH,Buy,2.21080000,2495.67000000,Gemi 686
01/30/2018 04:07:35,ETH,Buy,5.00000000,5672.45000000,Gemi 687
01/30/2018 04:07:35,ETH,Buy,0.00574200,6.51000000,Gemi 688
01/30/2018 04:07:35,ETH,Buy,0.01281000,14.53000000,Gemi 689
01/30/2018 04:07:35,ETH,Buy,0.00839300,9.52000000,Gemi 690
01/30/2018 04:07:35,ETH,Buy,0.00485900,5.51000000,Gemi 691
01/30/2018 04:07:56,ETH,Buy,0.65000000,737.42000000,Gemi 692
01/30/2018 04:07:58,ETH,Buy,1.00000000,1134.49000000,Gemi 693
01/30/2018 04:08:58,ETH,Buy,6.97968400,7919.43000000,Gemi 694
01/30/2018 04:08:58,ETH,Buy,0.00927400,10.52000000,Gemi 695
01/30/2018 04:08:58,ETH,Buy,0.01104200,12.53000000,Gemi 696
01/30/2018 04:08:58,ETH,Buy,5.00000000,5673.20000000,Gemi 697
01/30/2018 04:09:09,ETH,Buy,5.00000000,5673.20000000,Gemi 698
01/30/2018 04:09:23,ETH,Buy,4.88342300,5540.92000000,Gemi 699
01/30/2018 04:09:23,ETH,Buy,0.01457700,16.54000000,Gemi 700
01/30/2018 04:09:23,ETH,Buy,0.10200000,115.73000000,Gemi 701
01/30/2018 04:09:41,ETH,Buy,9.70000000,11006.00000000,Gemi 702
01/30/2018 04:09:41,ETH,Buy,1.04725441,1188.26000000,Gemi 703
01/30/2018 04:10:01,ETH,Buy,0.01634300,18.54000000,Gemi 704
01/30/2018 04:10:01,ETH,Buy,0.00662600,7.52000000,Gemi 705
01/30/2018 04:10:01,ETH,Buy,0.00839100,9.52000000,Gemi 706
01/30/2018 04:11:06,ETH,Buy,7.30000000,8283.01000000,Gemi 707
01/30/2018 04:11:06,ETH,Buy,0.01722700,19.55000000,Gemi 708
01/30/2018 04:11:06,ETH,Buy,0.00094300,1.07000000,Gemi 709
01/30/2018 04:12:03,ETH,Buy,1.68448800,1911.73000000,Gemi 710
01/30/2018 04:12:03,ETH,Buy,0.01015600,11.53000000,Gemi 711
01/30/2018 04:12:03,ETH,Buy,0.00574000,6.51000000,Gemi 712
01/30/2018 04:12:03,ETH,Buy,0.01634100,18.54000000,Gemi 713
01/30/2018 04:12:03,ETH,Buy,8.10000000,9192.12000000,Gemi 714
01/30/2018 04:12:03,ETH,Buy,0.01457400,16.54000000,Gemi 715
01/30/2018 04:12:03,ETH,Buy,0.00750600,8.52000000,Gemi 716
01/30/2018 04:12:03,ETH,Buy,0.00485600,5.51000000,Gemi 717
01/30/2018 04:12:03,ETH,Buy,0.00662400,7.52000000,Gemi 718
01/30/2018 04:12:03,ETH,Buy,0.00397400,4.51000000,Gemi 719
01/30/2018 04:12:03,ETH,Buy,0.00574100,6.52000000,Gemi 720
01/30/2018 04:12:03,ETH,Buy,0.01192400,13.53000000,Gemi 721
01/30/2018 04:12:03,ETH,Buy,0.00927300,10.52000000,Gemi 722
01/30/2018 04:12:03,ETH,Buy,0.01104100,12.53000000,Gemi 723
01/30/2018 04:12:03,ETH,Buy,0.01104000,12.53000000,Gemi 724
01/30/2018 04:12:03,ETH,Buy,0.00839000,9.52000000,Gemi 725
01/30/2018 04:12:03,ETH,Buy,0.02429200,27.57000000,Gemi 726
01/30/2018 04:12:03,ETH,Buy,0.00485800,5.51000000,Gemi 727
01/30/2018 04:12:03,ETH,Buy,0.01457500,16.54000000,Gemi 728
01/30/2018 04:12:03,ETH,Buy,0.01722400,19.55000000,Gemi 729
01/30/2018 04:12:03,ETH,Buy,0.01192500,13.53000000,Gemi 730
01/30/2018 04:12:03,ETH,Buy,0.01545800,17.54000000,Gemi 731
01/30/2018 04:12:49,ETH,Buy,10.80882600,12270.30000000,Gemi 732
01/30/2018 04:12:49,ETH,Buy,0.00485600,5.51000000,Gemi 733
01/30/2018 04:12:49,ETH,Buy,0.01545300,17.54000000,Gemi 734
01/30/2018 04:12:49,ETH,Buy,0.01015400,11.53000000,Gemi 735
01/30/2018 04:12:49,ETH,Buy,0.00397200,4.51000000,Gemi 736
01/30/2018 04:12:49,ETH,Buy,0.00662200,7.52000000,Gemi 737
01/30/2018 04:12:49,ETH,Buy,0.01015300,11.53000000,Gemi 738
01/30/2018 04:12:49,ETH,Buy,0.01721900,19.55000000,Gemi 739
01/30/2018 04:12:49,ETH,Buy,0.01192000,13.53000000,Gemi 740
01/30/2018 04:12:49,ETH,Buy,0.01633600,18.54000000,Gemi 741
01/30/2018 04:12:49,ETH,Buy,0.01633800,18.55000000,Gemi 742
01/30/2018 04:12:49,ETH,Buy,0.01368700,15.54000000,Gemi 743
01/30/2018 04:12:49,ETH,Buy,0.00485600,5.51000000,Gemi 744
01/30/2018 04:12:49,ETH,Buy,0.02163600,24.56000000,Gemi 745
01/30/2018 04:12:49,ETH,Buy,0.01368700,15.54000000,Gemi 746
01/30/2018 04:12:49,ETH,Buy,0.00397400,4.51000000,Gemi 747
01/30/2018 04:12:49,ETH,Buy,0.00573900,6.51000000,Gemi 748
01/30/2018 04:12:49,ETH,Buy,0.01457200,16.54000000,Gemi 749
01/30/2018 04:13:28,ETH,Buy,23.77617500,27005.75000000,Gemi 750
01/30/2018 04:13:28,ETH,Buy,0.01279500,14.53000000,Gemi 751
01/30/2018 04:13:28,ETH,Buy,0.01103000,12.53000000,Gemi 752
01/30/2018 04:16:21,ETH,Sell,-250.00000000,284005.00000000,Gemi 753
01/31/2018 02:37:57,ETH,Buy,4.51009200,4716.96000000,Gemi 754
01/31/2018 02:37:58,ETH,Buy,10.79961000,11294.97000000,Gemi 755
01/31/2018 02:38:01,ETH,Buy,1.33143000,1392.50000000,Gemi 756
01/31/2018 02:38:01,ETH,Buy,2.02743800,2120.43000000,Gemi 757
01/31/2018 02:38:03,ETH,Buy,1.33143000,1392.50000000,Gemi 758
01/31/2018 02:40:21,ETH,Buy,0.71855000,750.74000000,Gemi 759
01/31/2018 02:41:52,ETH,Buy,3.88000000,4060.85000000,Gemi 760
01/31/2018 02:41:52,ETH,Buy,6.12000000,6405.25000000,Gemi 761
01/31/2018 02:42:09,ETH,Buy,2.81016000,2935.51000000,Gemi 762
01/31/2018 02:42:15,ETH,Buy,3.92760000,4102.79000000,Gemi 763
01/31/2018 02:42:17,ETH,Buy,3.26224000,3407.75000000,Gemi 764
01/31/2018 02:46:14,ETH,Buy,4.40516039,4681.19000000,Gemi 765
01/31/2018 02:46:14,ETH,Buy,0.00518700,5.51000000,Gemi 766
01/31/2018 02:46:14,ETH,Buy,5.00000000,5313.30000000,Gemi 767
01/31/2018 02:53:17,ETH,Buy,2.85464464,3056.21000000,Gemi 768
01/31/2018 02:53:17,ETH,Buy,0.00484800,5.19000000,Gemi 769
01/31/2018 02:53:17,ETH,Buy,0.49000000,524.20000000,Gemi 770
01/31/2018 02:53:17,ETH,Buy,0.01000000,10.70000000,Gemi 771
01/31/2018 02:53:17,ETH,Buy,18.44000000,19720.97000000,Gemi 772
01/31/2018 02:53:17,ETH,Buy,0.08800951,94.11000000,Gemi 773
01/31/2018 02:53:17,ETH,Buy,0.00515600,5.51000000,Gemi 774
01/31/2018 02:53:17,ETH,Buy,0.01171600,12.53000000,Gemi 775
01/31/2018 02:53:17,ETH,Buy,8.00000000,8554.05000000,Gemi 776
01/31/2018 02:53:17,ETH,Buy,0.01546700,16.54000000,Gemi 777
01/31/2018 03:09:01,ETH,Buy,0.77498700,829.44000000,Gemi 778
01/31/2018 03:10:50,ETH,Buy,5.30301468,5698.99000000,Gemi 779
01/31/2018 03:10:50,ETH,Buy,0.00512800,5.51000000,Gemi 780
01/31/2018 03:10:50,ETH,Buy,0.01166200,12.53000000,Gemi 781
01/31/2018 03:10:50,ETH,Buy,0.02286500,24.56000000,Gemi 782
01/31/2018 03:10:50,ETH,Buy,0.01073100,11.53000000,Gemi 783
01/31/2018 03:10:50,ETH,Buy,9.00000000,9664.99000000,Gemi 784
01/31/2018 03:10:50,ETH,Buy,0.01260000,13.53000000,Gemi 785
01/31/2018 03:10:50,ETH,Buy,5.00000000,5369.39000000,Gemi 786
01/31/2018 03:10:50,ETH,Buy,0.01540000,16.54000000,Gemi 787
01/31/2018 03:10:50,ETH,Buy,0.01166600,12.53000000,Gemi 788
01/31/2018 03:10:50,ETH,Buy,0.00606600,6.51000000,Gemi 789
01/31/2018 03:10:50,ETH,Buy,0.01727000,18.55000000,Gemi 790
01/31/2018 03:10:50,ETH,Buy,0.01446900,15.54000000,Gemi 791
01/31/2018 03:10:50,ETH,Buy,0.01260400,13.53000000,Gemi 792
01/31/2018 03:10:50,ETH,Buy,0.00793800,8.52000000,Gemi 793
01/31/2018 03:10:50,ETH,Buy,0.00513400,5.51000000,Gemi 794
01/31/2018 03:10:50,ETH,Buy,0.01634400,17.54000000,Gemi 795
01/31/2018 03:10:50,ETH,Buy,0.01541200,16.54000000,Gemi 796
01/31/2018 03:10:50,ETH,Buy,0.01447700,15.54000000,Gemi 797
01/31/2018 03:10:50,ETH,Buy,0.01728100,18.54000000,Gemi 798
01/31/2018 03:10:50,ETH,Buy,0.01728200,18.54000000,Gemi 799
01/31/2018 03:10:50,ETH,Buy,0.00513900,5.51000000,Gemi 800
01/31/2018 03:10:50,ETH,Buy,0.00888200,9.52000000,Gemi 801
01/31/2018 03:14:57,ETH,Buy,19.96294400,21331.10000000,Gemi 802
01/31/2018 03:14:57,ETH,Buy,0.03705600,39.60000000,Gemi 803
01/31/2018 03:16:22,ETH,Buy,5.62920400,6015.00000000,Gemi 804
01/31/2018 03:16:22,ETH,Buy,5.62920400,6015.00000000,Gemi 805
01/31/2018 03:16:22,ETH,Buy,0.00515800,5.51000000,Gemi 806
01/31/2018 03:16:22,ETH,Buy,0.01266300,13.53000000,Gemi 807
01/31/2018 03:16:22,ETH,Buy,0.01360100,14.53000000,Gemi 808
01/31/2018 03:16:22,ETH,Buy,0.00268673,2.87000000,Gemi 809
01/31/2018 03:16:23,ETH,Buy,0.70748327,755.97000000,Gemi 810
01/31/2018 03:16:39,ETH,Buy,0.01547800,16.54000000,Gemi 811
01/31/2018 03:20:03,ETH,Buy,4.66892400,4992.60000000,Gemi 812
01/31/2018 03:20:03,ETH,Buy,5.38310000,5756.29000000,Gemi 813
01/31/2018 03:20:04,ETH,Buy,2.87905200,3078.65000000,Gemi 814
01/31/2018 03:20:05,ETH,Buy,1.78987200,1913.96000000,Gemi 815
01/31/2018 03:20:06,ETH,Buy,1.08918000,1164.69000000,Gemi 816
01/31/2018 03:20:08,ETH,Buy,1.68835600,1805.40000000,Gemi 817
01/31/2018 03:20:15,ETH,Buy,0.10150000,108.54000000,Gemi 818
01/31/2018 03:20:15,ETH,Buy,0.00001600,0.02000000,Gemi 819
01/31/2018 03:21:01,ETH,Buy,5.00000000,5295.41000000,Gemi 820
01/31/2018 03:21:01,ETH,Buy,0.00804500,8.52000000,Gemi 821
01/31/2018 03:22:30,ETH,Buy,0.90938400,963.93000000,Gemi 822
01/31/2018 03:22:36,ETH,Buy,0.07451600,78.99000000,Gemi 823
01/31/2018 03:22:43,ETH,Buy,9.60733600,10183.62000000,Gemi 824
01/31/2018 03:22:43,ETH,Buy,0.09370000,99.32000000,Gemi 825
01/31/2018 03:22:48,ETH,Buy,1.00574300,1066.07000000,Gemi 826
01/31/2018 03:22:53,ETH,Buy,0.30565200,323.99000000,Gemi 827
01/31/2018 03:22:54,ETH,Buy,0.14677300,155.58000000,Gemi 828
01/31/2018 03:22:57,ETH,Buy,0.34821900,369.11000000,Gemi 829
01/31/2018 03:22:58,ETH,Buy,16.47873600,17467.19000000,Gemi 830
01/31/2018 03:23:09,ETH,Buy,2.75560500,2918.63000000,Gemi 831
01/31/2018 03:23:09,ETH,Buy,1.02994100,1091.72000000,Gemi 832
01/31/2018 03:23:23,ETH,Buy,0.42189700,446.86000000,Gemi 833
01/31/2018 03:23:26,ETH,Buy,0.17108200,181.20000000,Gemi 834
01/31/2018 03:23:46,ETH,Buy,7.70300300,8158.72000000,Gemi 835
01/31/2018 03:23:50,ETH,Buy,3.94036800,4173.49000000,Gemi 836
01/31/2018 03:24:38,ETH,Buy,0.00612500,6.51000000,Gemi 837
01/31/2018 03:24:38,ETH,Buy,0.00800800,8.52000000,Gemi 838
01/31/2018 03:24:38,ETH,Buy,0.01460800,15.54000000,Gemi 839
01/31/2018 03:24:38,ETH,Buy,0.01178000,12.53000000,Gemi 840
01/31/2018 03:24:38,ETH,Buy,0.01272300,13.53000000,Gemi 841
01/31/2018 03:24:38,ETH,Buy,0.00423800,4.51000000,Gemi 842
01/31/2018 03:24:38,ETH,Buy,0.00612500,6.51000000,Gemi 843
01/31/2018 03:24:38,ETH,Buy,0.01272100,13.53000000,Gemi 844
01/31/2018 03:24:41,ETH,Buy,1.73000000,1840.07000000,Gemi 845
01/31/2018 03:25:04,ETH,Buy,3.00712300,3198.44000000,Gemi 846
01/31/2018 03:25:04,ETH,Buy,0.81673500,868.70000000,Gemi 847
01/31/2018 03:25:04,ETH,Buy,0.83358300,886.62000000,Gemi 848
01/31/2018 03:25:05,ETH,Buy,1.66933800,1775.55000000,Gemi 849
01/31/2018 03:25:05,ETH,Buy,1.16243500,1236.39000000,Gemi 850
01/31/2018 03:25:07,ETH,Buy,0.95815300,1019.11000000,Gemi 851
01/31/2018 03:25:09,ETH,Buy,1.00000000,1063.62000000,Gemi 852
01/31/2018 03:25:10,ETH,Buy,3.65840200,3891.16000000,Gemi 853
01/31/2018 03:25:11,ETH,Buy,1.01637000,1081.03000000,Gemi 854
01/31/2018 03:25:11,ETH,Buy,0.45792400,487.06000000,Gemi 855
01/31/2018 03:25:12,ETH,Buy,0.80163400,852.64000000,Gemi 856
01/31/2018 03:25:12,ETH,Buy,2.81197500,2990.88000000,Gemi 857
01/31/2018 03:25:26,ETH,Buy,0.00612500,6.51000000,Gemi 858
01/31/2018 03:25:26,ETH,Buy,0.01366600,14.54000000,Gemi 859
01/31/2018 03:25:26,ETH,Buy,0.01837900,19.55000000,Gemi 860
01/31/2018 03:25:26,ETH,Buy,0.00612500,6.51000000,Gemi 861
01/31/2018 03:25:26,ETH,Buy,4.71221442,5010.46000000,Gemi 862
01/31/2018 03:25:26,ETH,Buy,10.00000000,10625.10000000,Gemi 863
01/31/2018 03:25:26,ETH,Buy,0.01651100,17.54000000,Gemi 864
01/31/2018 03:25:26,ETH,Buy,6.62660000,7039.10000000,Gemi 865
01/31/2018 03:25:26,ETH,Buy,5.00000000,5301.92000000,Gemi 866
01/31/2018 03:25:26,ETH,Buy,0.00425300,4.51000000,Gemi 867
01/31/2018 03:25:26,ETH,Buy,0.00519800,5.51000000,Gemi 868
01/31/2018 03:25:26,ETH,Buy,0.00803400,8.52000000,Gemi 869
01/31/2018 03:25:26,ETH,Buy,0.01559800,16.54000000,Gemi 870
01/31/2018 03:25:26,ETH,Buy,3.56720000,3794.12000000,Gemi 871
01/31/2018 03:25:29,ETH,Buy,0.00009658,0.10000000,Gemi 872
01/31/2018 03:26:44,ETH,Buy,0.00992900,10.52000000,Gemi 873
01/31/2018 03:27:00,ETH,Buy,0.23467200,248.72000000,Gemi 874
01/31/2018 03:28:23,ETH,Buy,0.13209500,140.01000000,Gemi 875
01/31/2018 03:28:47,ETH,Buy,1.16224900,1231.91000000,Gemi 876
01/31/2018 03:28:48,ETH,Buy,1.13268400,1200.57000000,Gemi 877
01/31/2018 03:28:48,ETH,Buy,2.80636100,2974.56000000,Gemi 878
01/31/2018 03:28:55,ETH,Buy,3.83388500,4063.66000000,Gemi 879
01/31/2018 03:29:14,ETH,Buy,1.31377200,1392.51000000,Gemi 880
01/31/2018 03:29:14,ETH,Buy,8.30518200,8802.94000000,Gemi 881
01/31/2018 03:29:15,ETH,Buy,1.31377200,1392.51000000,Gemi 882
01/31/2018 03:29:39,ETH,Buy,24.92752100,26376.53000000,Gemi 883
01/31/2018 03:29:39,ETH,Buy,0.01657700,17.54000000,Gemi 884
01/31/2018 03:29:39,ETH,Buy,0.01657700,17.54000000,Gemi 885
01/31/2018 03:29:39,ETH,Buy,0.01468500,15.54000000,Gemi 886
01/31/2018 03:29:39,ETH,Buy,0.01278900,13.53000000,Gemi 887
01/31/2018 03:29:39,ETH,Buy,5.00000000,5286.38000000,Gemi 888
01/31/2018 03:29:39,ETH,Buy,0.01185100,12.53000000,Gemi 889
01/31/2018 03:30:39,ETH,Buy,0.00994600,10.53000000,Gemi 890
01/31/2018 03:30:39,ETH,Buy,0.02038825,21.58000000,Gemi 891
01/31/2018 03:30:39,ETH,Buy,8.74000000,9248.05000000,Gemi 892
01/31/2018 03:30:39,ETH,Buy,2.03900000,2157.46000000,Gemi 893
01/31/2018 03:30:53,ETH,Buy,3.80609100,4027.72000000,Gemi 894
01/31/2018 03:30:54,ETH,Buy,2.37785500,2516.32000000,Gemi 895
01/31/2018 03:31:05,ETH,Buy,5.00000000,5291.14000000,Gemi 896
01/31/2018 03:31:42,ETH,Buy,1.33098100,1408.48000000,Gemi 897
01/31/2018 03:31:47,ETH,Buy,0.01400000,14.82000000,Gemi 898
01/31/2018 03:31:54,ETH,Buy,0.01200000,12.70000000,Gemi 899
01/31/2018 03:31:59,ETH,Buy,0.20000000,211.65000000,Gemi 900
01/31/2018 03:32:00,ETH,Buy,0.01100000,11.64000000,Gemi 901
01/31/2018 03:32:03,ETH,Buy,0.15301100,161.92000000,Gemi 902
01/31/2018 03:32:06,ETH,Buy,4.87727400,5161.27000000,Gemi 903
01/31/2018 03:32:06,ETH,Buy,1.40845375,1490.47000000,Gemi 904
01/31/2018 03:32:38,ETH,Buy,1.90035400,2008.55000000,Gemi 905
01/31/2018 03:32:54,ETH,Buy,1.04930100,1109.04000000,Gemi 906
01/31/2018 03:33:03,ETH,Buy,0.01000000,10.57000000,Gemi 907
01/31/2018 03:33:04,ETH,Buy,0.13000000,137.40000000,Gemi 908
01/31/2018 03:36:44,ETH,Buy,3.64410900,3879.68000000,Gemi 909
01/31/2018 03:36:46,ETH,Buy,3.48652800,3711.91000000,Gemi 910
01/31/2018 03:36:50,ETH,Buy,9.56930000,10187.91000000,Gemi 911
01/31/2018 03:36:50,ETH,Buy,0.00006300,0.07000000,Gemi 912
01/31/2018 03:37:02,ETH,Buy,6.37096485,6795.65000000,Gemi 913
01/31/2018 03:37:02,ETH,Buy,5.64100600,6015.00000000,Gemi 914
01/31/2018 03:37:02,ETH,Buy,4.84367435,5152.76000000,Gemi 915
01/31/2018 03:37:02,ETH,Buy,0.01177800,12.53000000,Gemi 916
01/31/2018 03:37:02,ETH,Buy,0.01743100,18.54000000,Gemi 917
01/31/2018 03:37:02,ETH,Buy,0.00518100,5.51000000,Gemi 918
01/31/2018 03:39:29,ETH,Buy,0.83750100,891.05000000,Gemi 919
01/31/2018 03:41:25,ETH,Buy,13.88215180,14877.12000000,Gemi 920
01/31/2018 03:41:25,ETH,Buy,1.51812000,1625.83000000,Gemi 921
01/31/2018 03:41:25,ETH,Buy,16.25800000,17411.35000000,Gemi 922
01/31/2018 03:41:25,ETH,Buy,0.00421000,4.51000000,Gemi 923
01/31/2018 03:41:25,ETH,Buy,0.00701900,7.52000000,Gemi 924
01/31/2018 03:41:25,ETH,Buy,0.01450900,15.54000000,Gemi 925
01/31/2018 03:41:25,ETH,Buy,0.01357200,14.53000000,Gemi 926
01/31/2018 03:41:25,ETH,Buy,0.00421000,4.51000000,Gemi 927
01/31/2018 03:41:25,ETH,Buy,0.01357200,14.53000000,Gemi 928
01/31/2018 03:41:25,ETH,Buy,0.00421100,4.51000000,Gemi 929
01/31/2018 03:41:25,ETH,Buy,0.01263500,13.53000000,Gemi 930
01/31/2018 03:41:25,ETH,Buy,0.00608300,6.51000000,Gemi 931
01/31/2018 03:41:41,ETH,Buy,0.50000000,535.39000000,Gemi 932
01/31/2018 03:43:58,ETH,Sell,-200.00000000,212930.00000000,Gemi 933
01/31/2018 03:45:41,ETH,Sell,-200.00000000,212930.00000000,Gemi 934
01/31/2018 04:53:17,ETH,Buy,39.00000000,41257.25000000,Gemi 935
01/31/2018 04:54:33,ETH,Buy,21.94795300,23192.52000000,Gemi 936
01/31/2018 04:55:47,ETH,Buy,1.00000000,1056.71000000,Gemi 937
01/31/2018 04:56:46,ETH,Buy,2.38285800,2517.98000000,Gemi 938
01/31/2018 04:56:49,ETH,Buy,2.66918900,2820.55000000,Gemi 939
01/31/2018 05:00:14,ETH,Buy,1.49144600,1575.93000000,Gemi 940
01/31/2018 05:00:36,ETH,Buy,38.50855400,40689.87000000,Gemi 941
01/31/2018 05:01:23,ETH,Buy,1.00000000,1056.64000000,Gemi 942
01/31/2018 05:02:04,ETH,Buy,10.85570000,11470.51000000,Gemi 943
01/31/2018 05:03:39,ETH,Buy,2.10000000,2218.93000000,Gemi 944
01/31/2018 05:04:19,ETH,Buy,16.04430000,16952.97000000,Gemi 945
01/31/2018 05:06:01,ETH,Buy,4.71902800,4977.35000000,Gemi 946
01/31/2018 05:07:48,ETH,Buy,25.28097200,26664.86000000,Gemi 947
01/31/2018 05:09:47,ETH,Sell,-167.00000000,175100.34000000,Gemi 948
02/07/2018 03:44:29,ETH,Buy,8.94400000,6518.63000000,Gemi 966
02/07/2018 03:44:56,ETH,Buy,13.38774900,9757.36000000,Gemi 967
02/07/2018 03:45:03,ETH,Buy,4.28660600,3124.20000000,Gemi 968
02/07/2018 03:45:10,ETH,Buy,1.43130000,1043.17000000,Gemi 969
02/07/2018 03:45:14,ETH,Buy,0.94867400,691.42000000,Gemi 970
02/07/2018 03:45:20,ETH,Buy,1.00000000,728.83000000,Gemi 971
02/07/2018 03:45:23,ETH,Buy,0.65337000,476.19000000,Gemi 972
02/07/2018 03:45:27,ETH,Buy,2.65117300,1932.25000000,Gemi 973
02/07/2018 03:45:29,ETH,Buy,5.07608200,3699.59000000,Gemi 974
02/07/2018 03:45:38,ETH,Buy,1.64403000,1198.21000000,Gemi 975
02/07/2018 03:45:41,ETH,Buy,19.97701600,14559.80000000,Gemi 976
02/07/2018 06:51:10,ETH,Sell,-60.00000000,44661.90000000,Gemi 977
05/10/2018 16:40:08,ETH,Sell,-0.02164763,16.46000000,Gemi 1286